,trial_id,iteration,test_metric,strategy,seed,score
0,ca15a_00000,0,0.5929614901542664,least_confidence,1,20.372790664434433
1,ca15a_00000,1,0.7349035739898682,least_confidence,1,20.372790664434433
2,ca15a_00000,2,0.7828154563903809,least_confidence,1,20.372790664434433
3,ca15a_00000,3,0.8151804208755493,least_confidence,1,20.372790664434433
4,ca15a_00000,4,0.7775498628616333,least_confidence,1,20.372790664434433
5,ca15a_00000,5,0.7525650858879089,least_confidence,1,20.372790664434433
6,ca15a_00000,6,0.8103795051574707,least_confidence,1,20.372790664434433
7,ca15a_00000,7,0.802575945854187,least_confidence,1,20.372790664434433
8,ca15a_00000,8,0.8180147409439087,least_confidence,1,20.372790664434433
9,ca15a_00000,9,0.8538923263549805,least_confidence,1,20.372790664434433
10,ca15a_00000,10,0.8786767721176147,least_confidence,1,20.372790664434433
11,ca15a_00000,11,0.787642240524292,least_confidence,1,20.372790664434433
12,ca15a_00000,12,0.862598180770874,least_confidence,1,20.372790664434433
13,ca15a_00000,13,0.8765142560005188,least_confidence,1,20.372790664434433
14,ca15a_00000,14,0.8840973973274231,least_confidence,1,20.372790664434433
15,ca15a_00000,15,0.9120423793792725,least_confidence,1,20.372790664434433
16,ca15a_00000,16,0.9118220806121826,least_confidence,1,20.372790664434433
17,ca15a_00000,17,0.914665937423706,least_confidence,1,20.372790664434433
18,ca15a_00000,18,0.8859474658966064,least_confidence,1,20.372790664434433
19,ca15a_00000,19,0.9207261800765991,least_confidence,1,20.372790664434433
20,ca15a_00000,20,0.9088810086250305,least_confidence,1,20.372790664434433
21,ca15a_00000,21,0.9193907976150513,least_confidence,1,20.372790664434433
22,ca15a_00000,22,0.8878909349441528,least_confidence,1,20.372790664434433
23,ca15a_00000,23,0.9240041971206665,least_confidence,1,20.372790664434433
24,ca15a_00000,24,0.9070663452148438,least_confidence,1,20.372790664434433
25,ca15a_00001,0,0.6921687722206116,least_confidence,2,20.123317629098892
26,ca15a_00001,1,0.7532933354377747,least_confidence,2,20.123317629098892
27,ca15a_00001,2,0.7779372930526733,least_confidence,2,20.123317629098892
28,ca15a_00001,3,0.7495149374008179,least_confidence,2,20.123317629098892
29,ca15a_00001,4,0.784244179725647,least_confidence,2,20.123317629098892
30,ca15a_00001,5,0.7629374861717224,least_confidence,2,20.123317629098892
31,ca15a_00001,6,0.8168864250183105,least_confidence,2,20.123317629098892
32,ca15a_00001,7,0.8265727758407593,least_confidence,2,20.123317629098892
33,ca15a_00001,8,0.737231433391571,least_confidence,2,20.123317629098892
34,ca15a_00001,9,0.8488929271697998,least_confidence,2,20.123317629098892
35,ca15a_00001,10,0.8693087100982666,least_confidence,2,20.123317629098892
36,ca15a_00001,11,0.8796789050102234,least_confidence,2,20.123317629098892
37,ca15a_00001,12,0.8458395004272461,least_confidence,2,20.123317629098892
38,ca15a_00001,13,0.8500797748565674,least_confidence,2,20.123317629098892
39,ca15a_00001,14,0.8538572788238525,least_confidence,2,20.123317629098892
40,ca15a_00001,15,0.8904234170913696,least_confidence,2,20.123317629098892
41,ca15a_00001,16,0.8796575665473938,least_confidence,2,20.123317629098892
42,ca15a_00001,17,0.8625273108482361,least_confidence,2,20.123317629098892
43,ca15a_00001,18,0.8918336629867554,least_confidence,2,20.123317629098892
44,ca15a_00001,19,0.8118860125541687,least_confidence,2,20.123317629098892
45,ca15a_00001,20,0.9029892683029175,least_confidence,2,20.123317629098892
46,ca15a_00001,21,0.8920584917068481,least_confidence,2,20.123317629098892
47,ca15a_00001,22,0.9024230241775513,least_confidence,2,20.123317629098892
48,ca15a_00001,23,0.9247112274169922,least_confidence,2,20.123317629098892
49,ca15a_00001,24,0.9248965978622437,least_confidence,2,20.123317629098892
50,ca15a_00002,0,0.7181622982025146,least_confidence,3,19.927702516317368
51,ca15a_00002,1,0.6921288967132568,least_confidence,3,19.927702516317368
52,ca15a_00002,2,0.7548765540122986,least_confidence,3,19.927702516317368
53,ca15a_00002,3,0.7786470651626587,least_confidence,3,19.927702516317368
54,ca15a_00002,4,0.8075718879699707,least_confidence,3,19.927702516317368
55,ca15a_00002,5,0.7955832481384277,least_confidence,3,19.927702516317368
56,ca15a_00002,6,0.7963234782218933,least_confidence,3,19.927702516317368
57,ca15a_00002,7,0.7737996578216553,least_confidence,3,19.927702516317368
58,ca15a_00002,8,0.78328537940979,least_confidence,3,19.927702516317368
59,ca15a_00002,9,0.8533854484558105,least_confidence,3,19.927702516317368
60,ca15a_00002,10,0.8677607774734497,least_confidence,3,19.927702516317368
61,ca15a_00002,11,0.7961248159408569,least_confidence,3,19.927702516317368
62,ca15a_00002,12,0.8245798945426941,least_confidence,3,19.927702516317368
63,ca15a_00002,13,0.8606441617012024,least_confidence,3,19.927702516317368
64,ca15a_00002,14,0.8851242065429688,least_confidence,3,19.927702516317368
65,ca15a_00002,15,0.9164478778839111,least_confidence,3,19.927702516317368
66,ca15a_00002,16,0.8772096633911133,least_confidence,3,19.927702516317368
67,ca15a_00002,17,0.8818560838699341,least_confidence,3,19.927702516317368
68,ca15a_00002,18,0.7765825986862183,least_confidence,3,19.927702516317368
69,ca15a_00002,19,0.8820284605026245,least_confidence,3,19.927702516317368
70,ca15a_00002,20,0.8249239921569824,least_confidence,3,19.927702516317368
71,ca15a_00002,21,0.8686244487762451,least_confidence,3,19.927702516317368
72,ca15a_00002,22,0.920081615447998,least_confidence,3,19.927702516317368
73,ca15a_00002,23,0.8887258768081665,least_confidence,3,19.927702516317368
74,ca15a_00002,24,0.9246105551719666,least_confidence,3,19.927702516317368
75,ca15a_00003,0,0.5994230508804321,least_confidence,4,19.67013919353485
76,ca15a_00003,1,0.7023718357086182,least_confidence,4,19.67013919353485
77,ca15a_00003,2,0.6845632195472717,least_confidence,4,19.67013919353485
78,ca15a_00003,3,0.7722063064575195,least_confidence,4,19.67013919353485
79,ca15a_00003,4,0.7510979771614075,least_confidence,4,19.67013919353485
80,ca15a_00003,5,0.7583417296409607,least_confidence,4,19.67013919353485
81,ca15a_00003,6,0.7470297813415527,least_confidence,4,19.67013919353485
82,ca15a_00003,7,0.8055983185768127,least_confidence,4,19.67013919353485
83,ca15a_00003,8,0.8233486413955688,least_confidence,4,19.67013919353485
84,ca15a_00003,9,0.7976008653640747,least_confidence,4,19.67013919353485
85,ca15a_00003,10,0.7801617383956909,least_confidence,4,19.67013919353485
86,ca15a_00003,11,0.8499204516410828,least_confidence,4,19.67013919353485
87,ca15a_00003,12,0.8207334280014038,least_confidence,4,19.67013919353485
88,ca15a_00003,13,0.8358789086341858,least_confidence,4,19.67013919353485
89,ca15a_00003,14,0.8507159948348999,least_confidence,4,19.67013919353485
90,ca15a_00003,15,0.8769375085830688,least_confidence,4,19.67013919353485
91,ca15a_00003,16,0.8987627029418945,least_confidence,4,19.67013919353485
92,ca15a_00003,17,0.8341441750526428,least_confidence,4,19.67013919353485
93,ca15a_00003,18,0.8441298604011536,least_confidence,4,19.67013919353485
94,ca15a_00003,19,0.9100314378738403,least_confidence,4,19.67013919353485
95,ca15a_00003,20,0.8773390650749207,least_confidence,4,19.67013919353485
96,ca15a_00003,21,0.9059770107269287,least_confidence,4,19.67013919353485
97,ca15a_00003,22,0.8810182809829712,least_confidence,4,19.67013919353485
98,ca15a_00003,23,0.904004693031311,least_confidence,4,19.67013919353485
99,ca15a_00003,24,0.917027473449707,least_confidence,4,19.67013919353485
100,ca15a_00004,0,0.6946165561676025,least_confidence,5,20.2802956700325
101,ca15a_00004,1,0.7730971574783325,least_confidence,5,20.2802956700325
102,ca15a_00004,2,0.7791905999183655,least_confidence,5,20.2802956700325
103,ca15a_00004,3,0.7917332649230957,least_confidence,5,20.2802956700325
104,ca15a_00004,4,0.7747877240180969,least_confidence,5,20.2802956700325
105,ca15a_00004,5,0.8325424194335938,least_confidence,5,20.2802956700325
106,ca15a_00004,6,0.822736382484436,least_confidence,5,20.2802956700325
107,ca15a_00004,7,0.8404535055160522,least_confidence,5,20.2802956700325
108,ca15a_00004,8,0.8639611005783081,least_confidence,5,20.2802956700325
109,ca15a_00004,9,0.8167089819908142,least_confidence,5,20.2802956700325
110,ca15a_00004,10,0.8091742396354675,least_confidence,5,20.2802956700325
111,ca15a_00004,11,0.8794118165969849,least_confidence,5,20.2802956700325
112,ca15a_00004,12,0.8391734957695007,least_confidence,5,20.2802956700325
113,ca15a_00004,13,0.8682234287261963,least_confidence,5,20.2802956700325
114,ca15a_00004,14,0.8576474785804749,least_confidence,5,20.2802956700325
115,ca15a_00004,15,0.8567155003547668,least_confidence,5,20.2802956700325
116,ca15a_00004,16,0.8960496187210083,least_confidence,5,20.2802956700325
117,ca15a_00004,17,0.8629691004753113,least_confidence,5,20.2802956700325
118,ca15a_00004,18,0.9157565832138062,least_confidence,5,20.2802956700325
119,ca15a_00004,19,0.8296323418617249,least_confidence,5,20.2802956700325
120,ca15a_00004,20,0.8682462573051453,least_confidence,5,20.2802956700325
121,ca15a_00004,21,0.915607213973999,least_confidence,5,20.2802956700325
122,ca15a_00004,22,0.9041584730148315,least_confidence,5,20.2802956700325
123,ca15a_00004,23,0.9117226600646973,least_confidence,5,20.2802956700325
124,ca15a_00004,24,0.8465760946273804,least_confidence,5,20.2802956700325
125,ca15a_00005,0,0.5929614901542664,entropy,1,19.0414097905159
126,ca15a_00005,1,0.6622115969657898,entropy,1,19.0414097905159
127,ca15a_00005,2,0.6133204698562622,entropy,1,19.0414097905159
128,ca15a_00005,3,0.698859453201294,entropy,1,19.0414097905159
129,ca15a_00005,4,0.7137159109115601,entropy,1,19.0414097905159
130,ca15a_00005,5,0.766847550868988,entropy,1,19.0414097905159
131,ca15a_00005,6,0.7321624755859375,entropy,1,19.0414097905159
132,ca15a_00005,7,0.7457144260406494,entropy,1,19.0414097905159
133,ca15a_00005,8,0.8350945115089417,entropy,1,19.0414097905159
134,ca15a_00005,9,0.7815097570419312,entropy,1,19.0414097905159
135,ca15a_00005,10,0.7745732069015503,entropy,1,19.0414097905159
136,ca15a_00005,11,0.7778862714767456,entropy,1,19.0414097905159
137,ca15a_00005,12,0.8806915879249573,entropy,1,19.0414097905159
138,ca15a_00005,13,0.6181663870811462,entropy,1,19.0414097905159
139,ca15a_00005,14,0.8775895833969116,entropy,1,19.0414097905159
140,ca15a_00005,15,0.8859061002731323,entropy,1,19.0414097905159
141,ca15a_00005,16,0.85878986120224,entropy,1,19.0414097905159
142,ca15a_00005,17,0.8727412819862366,entropy,1,19.0414097905159
143,ca15a_00005,18,0.8724483847618103,entropy,1,19.0414097905159
144,ca15a_00005,19,0.8824681043624878,entropy,1,19.0414097905159
145,ca15a_00005,20,0.9004698991775513,entropy,1,19.0414097905159
146,ca15a_00005,21,0.8665934205055237,entropy,1,19.0414097905159
147,ca15a_00005,22,0.785446286201477,entropy,1,19.0414097905159
148,ca15a_00005,23,0.8988046050071716,entropy,1,19.0414097905159
149,ca15a_00005,24,0.8858358263969421,entropy,1,19.0414097905159
150,ca15a_00006,0,0.6921687722206116,entropy,2,18.287353605031967
151,ca15a_00006,1,0.4118804335594177,entropy,2,18.287353605031967
152,ca15a_00006,2,0.5790412425994873,entropy,2,18.287353605031967
153,ca15a_00006,3,0.7338742017745972,entropy,2,18.287353605031967
154,ca15a_00006,4,0.696975588798523,entropy,2,18.287353605031967
155,ca15a_00006,5,0.6578060388565063,entropy,2,18.287353605031967
156,ca15a_00006,6,0.7246391773223877,entropy,2,18.287353605031967
157,ca15a_00006,7,0.6616652607917786,entropy,2,18.287353605031967
158,ca15a_00006,8,0.7217395305633545,entropy,2,18.287353605031967
159,ca15a_00006,9,0.7839125394821167,entropy,2,18.287353605031967
160,ca15a_00006,10,0.7533596158027649,entropy,2,18.287353605031967
161,ca15a_00006,11,0.8069713115692139,entropy,2,18.287353605031967
162,ca15a_00006,12,0.8349732160568237,entropy,2,18.287353605031967
163,ca15a_00006,13,0.7807632088661194,entropy,2,18.287353605031967
164,ca15a_00006,14,0.804877758026123,entropy,2,18.287353605031967
165,ca15a_00006,15,0.8656049966812134,entropy,2,18.287353605031967
166,ca15a_00006,16,0.8115257620811462,entropy,2,18.287353605031967
167,ca15a_00006,17,0.8348609805107117,entropy,2,18.287353605031967
168,ca15a_00006,18,0.8504815101623535,entropy,2,18.287353605031967
169,ca15a_00006,19,0.8051143884658813,entropy,2,18.287353605031967
170,ca15a_00006,20,0.8638460636138916,entropy,2,18.287353605031967
171,ca15a_00006,21,0.8569368124008179,entropy,2,18.287353605031967
172,ca15a_00006,22,0.8419204950332642,entropy,2,18.287353605031967
173,ca15a_00006,23,0.8477480411529541,entropy,2,18.287353605031967
174,ca15a_00006,24,0.8215020895004272,entropy,2,18.287353605031967
175,ca15a_00007,0,0.7181622982025146,entropy,3,19.73890259861946
176,ca15a_00007,1,0.7261449098587036,entropy,3,19.73890259861946
177,ca15a_00007,2,0.7569036483764648,entropy,3,19.73890259861946
178,ca15a_00007,3,0.8343185782432556,entropy,3,19.73890259861946
179,ca15a_00007,4,0.7245290279388428,entropy,3,19.73890259861946
180,ca15a_00007,5,0.865744948387146,entropy,3,19.73890259861946
181,ca15a_00007,6,0.7656874656677246,entropy,3,19.73890259861946
182,ca15a_00007,7,0.8138156533241272,entropy,3,19.73890259861946
183,ca15a_00007,8,0.8145869970321655,entropy,3,19.73890259861946
184,ca15a_00007,9,0.8866174221038818,entropy,3,19.73890259861946
185,ca15a_00007,10,0.7947001457214355,entropy,3,19.73890259861946
186,ca15a_00007,11,0.8243446946144104,entropy,3,19.73890259861946
187,ca15a_00007,12,0.8366650938987732,entropy,3,19.73890259861946
188,ca15a_00007,13,0.8030678629875183,entropy,3,19.73890259861946
189,ca15a_00007,14,0.8375735878944397,entropy,3,19.73890259861946
190,ca15a_00007,15,0.8173428773880005,entropy,3,19.73890259861946
191,ca15a_00007,16,0.8769628405570984,entropy,3,19.73890259861946
192,ca15a_00007,17,0.7708919048309326,entropy,3,19.73890259861946
193,ca15a_00007,18,0.8841673731803894,entropy,3,19.73890259861946
194,ca15a_00007,19,0.8676489591598511,entropy,3,19.73890259861946
195,ca15a_00007,20,0.7716625928878784,entropy,3,19.73890259861946
196,ca15a_00007,21,0.8841637372970581,entropy,3,19.73890259861946
197,ca15a_00007,22,0.9061343669891357,entropy,3,19.73890259861946
198,ca15a_00007,23,0.8694626092910767,entropy,3,19.73890259861946
199,ca15a_00007,24,0.8933683037757874,entropy,3,19.73890259861946
200,ca15a_00008,0,0.5994230508804321,entropy,4,18.56990134716034
201,ca15a_00008,1,0.638229250907898,entropy,4,18.56990134716034
202,ca15a_00008,2,0.6383447647094727,entropy,4,18.56990134716034
203,ca15a_00008,3,0.7240756154060364,entropy,4,18.56990134716034
204,ca15a_00008,4,0.6650387644767761,entropy,4,18.56990134716034
205,ca15a_00008,5,0.768179178237915,entropy,4,18.56990134716034
206,ca15a_00008,6,0.714781641960144,entropy,4,18.56990134716034
207,ca15a_00008,7,0.7300745248794556,entropy,4,18.56990134716034
208,ca15a_00008,8,0.7306106090545654,entropy,4,18.56990134716034
209,ca15a_00008,9,0.740143895149231,entropy,4,18.56990134716034
210,ca15a_00008,10,0.7268874645233154,entropy,4,18.56990134716034
211,ca15a_00008,11,0.8229975700378418,entropy,4,18.56990134716034
212,ca15a_00008,12,0.7672014236450195,entropy,4,18.56990134716034
213,ca15a_00008,13,0.8418800830841064,entropy,4,18.56990134716034
214,ca15a_00008,14,0.8172355890274048,entropy,4,18.56990134716034
215,ca15a_00008,15,0.8209519982337952,entropy,4,18.56990134716034
216,ca15a_00008,16,0.8348105549812317,entropy,4,18.56990134716034
217,ca15a_00008,17,0.7759727239608765,entropy,4,18.56990134716034
218,ca15a_00008,18,0.8362085223197937,entropy,4,18.56990134716034
219,ca15a_00008,19,0.8583961725234985,entropy,4,18.56990134716034
220,ca15a_00008,20,0.8465546369552612,entropy,4,18.56990134716034
221,ca15a_00008,21,0.8421995639801025,entropy,4,18.56990134716034
222,ca15a_00008,22,0.8648163676261902,entropy,4,18.56990134716034
223,ca15a_00008,23,0.8339452743530273,entropy,4,18.56990134716034
224,ca15a_00008,24,0.8613072633743286,entropy,4,18.56990134716034
225,ca15a_00009,0,0.6946165561676025,entropy,5,19.585201054811478
226,ca15a_00009,1,0.7838922739028931,entropy,5,19.585201054811478
227,ca15a_00009,2,0.7602201104164124,entropy,5,19.585201054811478
228,ca15a_00009,3,0.748376727104187,entropy,5,19.585201054811478
229,ca15a_00009,4,0.7481690645217896,entropy,5,19.585201054811478
230,ca15a_00009,5,0.6636508703231812,entropy,5,19.585201054811478
231,ca15a_00009,6,0.7491070628166199,entropy,5,19.585201054811478
232,ca15a_00009,7,0.7166112661361694,entropy,5,19.585201054811478
233,ca15a_00009,8,0.7771452069282532,entropy,5,19.585201054811478
234,ca15a_00009,9,0.7959434390068054,entropy,5,19.585201054811478
235,ca15a_00009,10,0.787070095539093,entropy,5,19.585201054811478
236,ca15a_00009,11,0.8088122010231018,entropy,5,19.585201054811478
237,ca15a_00009,12,0.8541092872619629,entropy,5,19.585201054811478
238,ca15a_00009,13,0.8286107778549194,entropy,5,19.585201054811478
239,ca15a_00009,14,0.8700040578842163,entropy,5,19.585201054811478
240,ca15a_00009,15,0.872451663017273,entropy,5,19.585201054811478
241,ca15a_00009,16,0.9096945524215698,entropy,5,19.585201054811478
242,ca15a_00009,17,0.8191696405410767,entropy,5,19.585201054811478
243,ca15a_00009,18,0.8738949298858643,entropy,5,19.585201054811478
244,ca15a_00009,19,0.8928861618041992,entropy,5,19.585201054811478
245,ca15a_00009,20,0.8868004679679871,entropy,5,19.585201054811478
246,ca15a_00009,21,0.8908958435058594,entropy,5,19.585201054811478
247,ca15a_00009,22,0.890760064125061,entropy,5,19.585201054811478
248,ca15a_00009,23,0.883190393447876,entropy,5,19.585201054811478
249,ca15a_00009,24,0.8528532385826111,entropy,5,19.585201054811478
250,ca15a_00010,0,0.5929614901542664,marginal_confidence,1,20.77120092511177
251,ca15a_00010,1,0.6915178894996643,marginal_confidence,1,20.77120092511177
252,ca15a_00010,2,0.7594195604324341,marginal_confidence,1,20.77120092511177
253,ca15a_00010,3,0.7530622482299805,marginal_confidence,1,20.77120092511177
254,ca15a_00010,4,0.7895277142524719,marginal_confidence,1,20.77120092511177
255,ca15a_00010,5,0.8113883137702942,marginal_confidence,1,20.77120092511177
256,ca15a_00010,6,0.8480660319328308,marginal_confidence,1,20.77120092511177
257,ca15a_00010,7,0.872071385383606,marginal_confidence,1,20.77120092511177
258,ca15a_00010,8,0.8664183020591736,marginal_confidence,1,20.77120092511177
259,ca15a_00010,9,0.8443207740783691,marginal_confidence,1,20.77120092511177
260,ca15a_00010,10,0.8646804690361023,marginal_confidence,1,20.77120092511177
261,ca15a_00010,11,0.8811143636703491,marginal_confidence,1,20.77120092511177
262,ca15a_00010,12,0.8801400661468506,marginal_confidence,1,20.77120092511177
263,ca15a_00010,13,0.9087409377098083,marginal_confidence,1,20.77120092511177
264,ca15a_00010,14,0.8931941986083984,marginal_confidence,1,20.77120092511177
265,ca15a_00010,15,0.9188429713249207,marginal_confidence,1,20.77120092511177
266,ca15a_00010,16,0.9203568696975708,marginal_confidence,1,20.77120092511177
267,ca15a_00010,17,0.9187036156654358,marginal_confidence,1,20.77120092511177
268,ca15a_00010,18,0.940714418888092,marginal_confidence,1,20.77120092511177
269,ca15a_00010,19,0.9232126474380493,marginal_confidence,1,20.77120092511177
270,ca15a_00010,20,0.9351092576980591,marginal_confidence,1,20.77120092511177
271,ca15a_00010,21,0.9335693120956421,marginal_confidence,1,20.77120092511177
272,ca15a_00010,22,0.9246445894241333,marginal_confidence,1,20.77120092511177
273,ca15a_00010,23,0.9388933181762695,marginal_confidence,1,20.77120092511177
274,ca15a_00010,24,0.9140218496322632,marginal_confidence,1,20.77120092511177
275,ca15a_00011,0,0.6921687722206116,marginal_confidence,2,21.384351164102554
276,ca15a_00011,1,0.7128359079360962,marginal_confidence,2,21.384351164102554
277,ca15a_00011,2,0.8225699663162231,marginal_confidence,2,21.384351164102554
278,ca15a_00011,3,0.8509844541549683,marginal_confidence,2,21.384351164102554
279,ca15a_00011,4,0.8520796298980713,marginal_confidence,2,21.384351164102554
280,ca15a_00011,5,0.850609540939331,marginal_confidence,2,21.384351164102554
281,ca15a_00011,6,0.8588793277740479,marginal_confidence,2,21.384351164102554
282,ca15a_00011,7,0.8826608657836914,marginal_confidence,2,21.384351164102554
283,ca15a_00011,8,0.8962042331695557,marginal_confidence,2,21.384351164102554
284,ca15a_00011,9,0.905547559261322,marginal_confidence,2,21.384351164102554
285,ca15a_00011,10,0.9033747315406799,marginal_confidence,2,21.384351164102554
286,ca15a_00011,11,0.909096360206604,marginal_confidence,2,21.384351164102554
287,ca15a_00011,12,0.9102121591567993,marginal_confidence,2,21.384351164102554
288,ca15a_00011,13,0.8916736841201782,marginal_confidence,2,21.384351164102554
289,ca15a_00011,14,0.907956600189209,marginal_confidence,2,21.384351164102554
290,ca15a_00011,15,0.927527904510498,marginal_confidence,2,21.384351164102554
291,ca15a_00011,16,0.9364858865737915,marginal_confidence,2,21.384351164102554
292,ca15a_00011,17,0.9168900847434998,marginal_confidence,2,21.384351164102554
293,ca15a_00011,18,0.9373845458030701,marginal_confidence,2,21.384351164102554
294,ca15a_00011,19,0.9311832785606384,marginal_confidence,2,21.384351164102554
295,ca15a_00011,20,0.9397004842758179,marginal_confidence,2,21.384351164102554
296,ca15a_00011,21,0.9450079202651978,marginal_confidence,2,21.384351164102554
297,ca15a_00011,22,0.9454360008239746,marginal_confidence,2,21.384351164102554
298,ca15a_00011,23,0.9292455315589905,marginal_confidence,2,21.384351164102554
299,ca15a_00011,24,0.9494402408599854,marginal_confidence,2,21.384351164102554
300,ca15a_00012,0,0.7181622982025146,marginal_confidence,3,21.183904826641083
301,ca15a_00012,1,0.7855806946754456,marginal_confidence,3,21.183904826641083
302,ca15a_00012,2,0.7309338450431824,marginal_confidence,3,21.183904826641083
303,ca15a_00012,3,0.7964792847633362,marginal_confidence,3,21.183904826641083
304,ca15a_00012,4,0.8399921655654907,marginal_confidence,3,21.183904826641083
305,ca15a_00012,5,0.823858916759491,marginal_confidence,3,21.183904826641083
306,ca15a_00012,6,0.89048171043396,marginal_confidence,3,21.183904826641083
307,ca15a_00012,7,0.8895635008811951,marginal_confidence,3,21.183904826641083
308,ca15a_00012,8,0.866370439529419,marginal_confidence,3,21.183904826641083
309,ca15a_00012,9,0.8948357105255127,marginal_confidence,3,21.183904826641083
310,ca15a_00012,10,0.9117690324783325,marginal_confidence,3,21.183904826641083
311,ca15a_00012,11,0.9036917686462402,marginal_confidence,3,21.183904826641083
312,ca15a_00012,12,0.897674560546875,marginal_confidence,3,21.183904826641083
313,ca15a_00012,13,0.903956413269043,marginal_confidence,3,21.183904826641083
314,ca15a_00012,14,0.8971512913703918,marginal_confidence,3,21.183904826641083
315,ca15a_00012,15,0.9239844083786011,marginal_confidence,3,21.183904826641083
316,ca15a_00012,16,0.9252887964248657,marginal_confidence,3,21.183904826641083
317,ca15a_00012,17,0.9297343492507935,marginal_confidence,3,21.183904826641083
318,ca15a_00012,18,0.9364070892333984,marginal_confidence,3,21.183904826641083
319,ca15a_00012,19,0.9341371059417725,marginal_confidence,3,21.183904826641083
320,ca15a_00012,20,0.9126743078231812,marginal_confidence,3,21.183904826641083
321,ca15a_00012,21,0.9362234473228455,marginal_confidence,3,21.183904826641083
322,ca15a_00012,22,0.9246068596839905,marginal_confidence,3,21.183904826641083
323,ca15a_00012,23,0.9044932723045349,marginal_confidence,3,21.183904826641083
324,ca15a_00012,24,0.9298694133758545,marginal_confidence,3,21.183904826641083
325,ca15a_00013,0,0.5994230508804321,marginal_confidence,4,21.00955158472061
326,ca15a_00013,1,0.6917547583580017,marginal_confidence,4,21.00955158472061
327,ca15a_00013,2,0.7135592699050903,marginal_confidence,4,21.00955158472061
328,ca15a_00013,3,0.7624566555023193,marginal_confidence,4,21.00955158472061
329,ca15a_00013,4,0.7434644103050232,marginal_confidence,4,21.00955158472061
330,ca15a_00013,5,0.816504955291748,marginal_confidence,4,21.00955158472061
331,ca15a_00013,6,0.871666431427002,marginal_confidence,4,21.00955158472061
332,ca15a_00013,7,0.856857419013977,marginal_confidence,4,21.00955158472061
333,ca15a_00013,8,0.8872321844100952,marginal_confidence,4,21.00955158472061
334,ca15a_00013,9,0.8875257968902588,marginal_confidence,4,21.00955158472061
335,ca15a_00013,10,0.8978165984153748,marginal_confidence,4,21.00955158472061
336,ca15a_00013,11,0.9274688363075256,marginal_confidence,4,21.00955158472061
337,ca15a_00013,12,0.9135975241661072,marginal_confidence,4,21.00955158472061
338,ca15a_00013,13,0.9184103012084961,marginal_confidence,4,21.00955158472061
339,ca15a_00013,14,0.9313854575157166,marginal_confidence,4,21.00955158472061
340,ca15a_00013,15,0.9230210781097412,marginal_confidence,4,21.00955158472061
341,ca15a_00013,16,0.9335915446281433,marginal_confidence,4,21.00955158472061
342,ca15a_00013,17,0.9363605976104736,marginal_confidence,4,21.00955158472061
343,ca15a_00013,18,0.920467734336853,marginal_confidence,4,21.00955158472061
344,ca15a_00013,19,0.9425199031829834,marginal_confidence,4,21.00955158472061
345,ca15a_00013,20,0.9383310079574585,marginal_confidence,4,21.00955158472061
346,ca15a_00013,21,0.9421153664588928,marginal_confidence,4,21.00955158472061
347,ca15a_00013,22,0.9446696043014526,marginal_confidence,4,21.00955158472061
348,ca15a_00013,23,0.9371492266654968,marginal_confidence,4,21.00955158472061
349,ca15a_00013,24,0.9438267946243286,marginal_confidence,4,21.00955158472061
350,ca15a_00014,0,0.6946165561676025,marginal_confidence,5,21.048732101917267
351,ca15a_00014,1,0.6724515557289124,marginal_confidence,5,21.048732101917267
352,ca15a_00014,2,0.7807616591453552,marginal_confidence,5,21.048732101917267
353,ca15a_00014,3,0.7773190140724182,marginal_confidence,5,21.048732101917267
354,ca15a_00014,4,0.8020985722541809,marginal_confidence,5,21.048732101917267
355,ca15a_00014,5,0.8018175959587097,marginal_confidence,5,21.048732101917267
356,ca15a_00014,6,0.8589005470275879,marginal_confidence,5,21.048732101917267
357,ca15a_00014,7,0.855567455291748,marginal_confidence,5,21.048732101917267
358,ca15a_00014,8,0.8745476007461548,marginal_confidence,5,21.048732101917267
359,ca15a_00014,9,0.8936929702758789,marginal_confidence,5,21.048732101917267
360,ca15a_00014,10,0.8914625644683838,marginal_confidence,5,21.048732101917267
361,ca15a_00014,11,0.8987070918083191,marginal_confidence,5,21.048732101917267
362,ca15a_00014,12,0.898990273475647,marginal_confidence,5,21.048732101917267
363,ca15a_00014,13,0.8962409496307373,marginal_confidence,5,21.048732101917267
364,ca15a_00014,14,0.9251960515975952,marginal_confidence,5,21.048732101917267
365,ca15a_00014,15,0.9174124002456665,marginal_confidence,5,21.048732101917267
366,ca15a_00014,16,0.9239986538887024,marginal_confidence,5,21.048732101917267
367,ca15a_00014,17,0.9376448392868042,marginal_confidence,5,21.048732101917267
368,ca15a_00014,18,0.9372022151947021,marginal_confidence,5,21.048732101917267
369,ca15a_00014,19,0.9253864288330078,marginal_confidence,5,21.048732101917267
370,ca15a_00014,20,0.936996340751648,marginal_confidence,5,21.048732101917267
371,ca15a_00014,21,0.943692147731781,marginal_confidence,5,21.048732101917267
372,ca15a_00014,22,0.942533552646637,marginal_confidence,5,21.048732101917267
373,ca15a_00014,23,0.9390697479248047,marginal_confidence,5,21.048732101917267
374,ca15a_00014,24,0.939467191696167,marginal_confidence,5,21.048732101917267
375,ca15a_00015,0,0.5929614901542664,ratio_confidence,1,21.08806711435318
376,ca15a_00015,1,0.6915178894996643,ratio_confidence,1,21.08806711435318
377,ca15a_00015,2,0.7594195604324341,ratio_confidence,1,21.08806711435318
378,ca15a_00015,3,0.7554134130477905,ratio_confidence,1,21.08806711435318
379,ca15a_00015,4,0.8349151611328125,ratio_confidence,1,21.08806711435318
380,ca15a_00015,5,0.8622099161148071,ratio_confidence,1,21.08806711435318
381,ca15a_00015,6,0.8744369149208069,ratio_confidence,1,21.08806711435318
382,ca15a_00015,7,0.8500148057937622,ratio_confidence,1,21.08806711435318
383,ca15a_00015,8,0.8886691331863403,ratio_confidence,1,21.08806711435318
384,ca15a_00015,9,0.8880374431610107,ratio_confidence,1,21.08806711435318
385,ca15a_00015,10,0.9045710563659668,ratio_confidence,1,21.08806711435318
386,ca15a_00015,11,0.8880974054336548,ratio_confidence,1,21.08806711435318
387,ca15a_00015,12,0.9113034009933472,ratio_confidence,1,21.08806711435318
388,ca15a_00015,13,0.9257619380950928,ratio_confidence,1,21.08806711435318
389,ca15a_00015,14,0.9303531050682068,ratio_confidence,1,21.08806711435318
390,ca15a_00015,15,0.9256042242050171,ratio_confidence,1,21.08806711435318
391,ca15a_00015,16,0.906529426574707,ratio_confidence,1,21.08806711435318
392,ca15a_00015,17,0.934235692024231,ratio_confidence,1,21.08806711435318
393,ca15a_00015,18,0.9342613220214844,ratio_confidence,1,21.08806711435318
394,ca15a_00015,19,0.9310870170593262,ratio_confidence,1,21.08806711435318
395,ca15a_00015,20,0.9383817911148071,ratio_confidence,1,21.08806711435318
396,ca15a_00015,21,0.9317016005516052,ratio_confidence,1,21.08806711435318
397,ca15a_00015,22,0.9258716702461243,ratio_confidence,1,21.08806711435318
398,ca15a_00015,23,0.9311118721961975,ratio_confidence,1,21.08806711435318
399,ca15a_00015,24,0.9361612200737,ratio_confidence,1,21.08806711435318
400,ca15a_00016,0,0.6921687722206116,ratio_confidence,2,21.372325390577316
401,ca15a_00016,1,0.7226743698120117,ratio_confidence,2,21.372325390577316
402,ca15a_00016,2,0.7784704566001892,ratio_confidence,2,21.372325390577316
403,ca15a_00016,3,0.8082854747772217,ratio_confidence,2,21.372325390577316
404,ca15a_00016,4,0.8449034690856934,ratio_confidence,2,21.372325390577316
405,ca15a_00016,5,0.8425174951553345,ratio_confidence,2,21.372325390577316
406,ca15a_00016,6,0.8785732984542847,ratio_confidence,2,21.372325390577316
407,ca15a_00016,7,0.8863438367843628,ratio_confidence,2,21.372325390577316
408,ca15a_00016,8,0.8883048892021179,ratio_confidence,2,21.372325390577316
409,ca15a_00016,9,0.90602707862854,ratio_confidence,2,21.372325390577316
410,ca15a_00016,10,0.9240974187850952,ratio_confidence,2,21.372325390577316
411,ca15a_00016,11,0.9088883399963379,ratio_confidence,2,21.372325390577316
412,ca15a_00016,12,0.9042339324951172,ratio_confidence,2,21.372325390577316
413,ca15a_00016,13,0.9170948266983032,ratio_confidence,2,21.372325390577316
414,ca15a_00016,14,0.9296493530273438,ratio_confidence,2,21.372325390577316
415,ca15a_00016,15,0.9298714399337769,ratio_confidence,2,21.372325390577316
416,ca15a_00016,16,0.9278981685638428,ratio_confidence,2,21.372325390577316
417,ca15a_00016,17,0.9196246862411499,ratio_confidence,2,21.372325390577316
418,ca15a_00016,18,0.9313037395477295,ratio_confidence,2,21.372325390577316
419,ca15a_00016,19,0.9355310797691345,ratio_confidence,2,21.372325390577316
420,ca15a_00016,20,0.9359318017959595,ratio_confidence,2,21.372325390577316
421,ca15a_00016,21,0.9494696855545044,ratio_confidence,2,21.372325390577316
422,ca15a_00016,22,0.9385110139846802,ratio_confidence,2,21.372325390577316
423,ca15a_00016,23,0.9442357420921326,ratio_confidence,2,21.372325390577316
424,ca15a_00016,24,0.9475988149642944,ratio_confidence,2,21.372325390577316
425,ca15a_00017,0,0.7181622982025146,ratio_confidence,3,21.193691432476044
426,ca15a_00017,1,0.7855806946754456,ratio_confidence,3,21.193691432476044
427,ca15a_00017,2,0.7950178980827332,ratio_confidence,3,21.193691432476044
428,ca15a_00017,3,0.7826433777809143,ratio_confidence,3,21.193691432476044
429,ca15a_00017,4,0.829046905040741,ratio_confidence,3,21.193691432476044
430,ca15a_00017,5,0.8729536533355713,ratio_confidence,3,21.193691432476044
431,ca15a_00017,6,0.8524947166442871,ratio_confidence,3,21.193691432476044
432,ca15a_00017,7,0.864761471748352,ratio_confidence,3,21.193691432476044
433,ca15a_00017,8,0.8853358626365662,ratio_confidence,3,21.193691432476044
434,ca15a_00017,9,0.8877302408218384,ratio_confidence,3,21.193691432476044
435,ca15a_00017,10,0.8858587145805359,ratio_confidence,3,21.193691432476044
436,ca15a_00017,11,0.8686944246292114,ratio_confidence,3,21.193691432476044
437,ca15a_00017,12,0.8949647545814514,ratio_confidence,3,21.193691432476044
438,ca15a_00017,13,0.9096826314926147,ratio_confidence,3,21.193691432476044
439,ca15a_00017,14,0.9181963801383972,ratio_confidence,3,21.193691432476044
440,ca15a_00017,15,0.9236022233963013,ratio_confidence,3,21.193691432476044
441,ca15a_00017,16,0.9155632257461548,ratio_confidence,3,21.193691432476044
442,ca15a_00017,17,0.9334343671798706,ratio_confidence,3,21.193691432476044
443,ca15a_00017,18,0.9276061058044434,ratio_confidence,3,21.193691432476044
444,ca15a_00017,19,0.9303162097930908,ratio_confidence,3,21.193691432476044
445,ca15a_00017,20,0.8953096866607666,ratio_confidence,3,21.193691432476044
446,ca15a_00017,21,0.921203076839447,ratio_confidence,3,21.193691432476044
447,ca15a_00017,22,0.9487466812133789,ratio_confidence,3,21.193691432476044
448,ca15a_00017,23,0.9437018632888794,ratio_confidence,3,21.193691432476044
449,ca15a_00017,24,0.9243302345275879,ratio_confidence,3,21.193691432476044
450,ca15a_00018,0,0.5994230508804321,ratio_confidence,4,21.245712101459503
451,ca15a_00018,1,0.7192965745925903,ratio_confidence,4,21.245712101459503
452,ca15a_00018,2,0.7827961444854736,ratio_confidence,4,21.245712101459503
453,ca15a_00018,3,0.7823481559753418,ratio_confidence,4,21.245712101459503
454,ca15a_00018,4,0.8385770320892334,ratio_confidence,4,21.245712101459503
455,ca15a_00018,5,0.8523789644241333,ratio_confidence,4,21.245712101459503
456,ca15a_00018,6,0.8755524158477783,ratio_confidence,4,21.245712101459503
457,ca15a_00018,7,0.8378825783729553,ratio_confidence,4,21.245712101459503
458,ca15a_00018,8,0.8894023895263672,ratio_confidence,4,21.245712101459503
459,ca15a_00018,9,0.9088094830513,ratio_confidence,4,21.245712101459503
460,ca15a_00018,10,0.8863255977630615,ratio_confidence,4,21.245712101459503
461,ca15a_00018,11,0.9085402488708496,ratio_confidence,4,21.245712101459503
462,ca15a_00018,12,0.9337805509567261,ratio_confidence,4,21.245712101459503
463,ca15a_00018,13,0.9327619075775146,ratio_confidence,4,21.245712101459503
464,ca15a_00018,14,0.913097083568573,ratio_confidence,4,21.245712101459503
465,ca15a_00018,15,0.9350460767745972,ratio_confidence,4,21.245712101459503
466,ca15a_00018,16,0.9235774278640747,ratio_confidence,4,21.245712101459503
467,ca15a_00018,17,0.9399570226669312,ratio_confidence,4,21.245712101459503
468,ca15a_00018,18,0.9314643144607544,ratio_confidence,4,21.245712101459503
469,ca15a_00018,19,0.9425424337387085,ratio_confidence,4,21.245712101459503
470,ca15a_00018,20,0.9440853595733643,ratio_confidence,4,21.245712101459503
471,ca15a_00018,21,0.9487563967704773,ratio_confidence,4,21.245712101459503
472,ca15a_00018,22,0.9403124451637268,ratio_confidence,4,21.245712101459503
473,ca15a_00018,23,0.9124796390533447,ratio_confidence,4,21.245712101459503
474,ca15a_00018,24,0.9324606657028198,ratio_confidence,4,21.245712101459503
475,ca15a_00019,0,0.6946165561676025,ratio_confidence,5,21.249330461025238
476,ca15a_00019,1,0.7569955587387085,ratio_confidence,5,21.249330461025238
477,ca15a_00019,2,0.7941038012504578,ratio_confidence,5,21.249330461025238
478,ca15a_00019,3,0.8113133907318115,ratio_confidence,5,21.249330461025238
479,ca15a_00019,4,0.7972584962844849,ratio_confidence,5,21.249330461025238
480,ca15a_00019,5,0.8501415848731995,ratio_confidence,5,21.249330461025238
481,ca15a_00019,6,0.8909585475921631,ratio_confidence,5,21.249330461025238
482,ca15a_00019,7,0.8956584930419922,ratio_confidence,5,21.249330461025238
483,ca15a_00019,8,0.8984906673431396,ratio_confidence,5,21.249330461025238
484,ca15a_00019,9,0.8964514136314392,ratio_confidence,5,21.249330461025238
485,ca15a_00019,10,0.8995397686958313,ratio_confidence,5,21.249330461025238
486,ca15a_00019,11,0.9049326181411743,ratio_confidence,5,21.249330461025238
487,ca15a_00019,12,0.9035570621490479,ratio_confidence,5,21.249330461025238
488,ca15a_00019,13,0.9038056135177612,ratio_confidence,5,21.249330461025238
489,ca15a_00019,14,0.9013639688491821,ratio_confidence,5,21.249330461025238
490,ca15a_00019,15,0.9187464118003845,ratio_confidence,5,21.249330461025238
491,ca15a_00019,16,0.9081171751022339,ratio_confidence,5,21.249330461025238
492,ca15a_00019,17,0.9168548583984375,ratio_confidence,5,21.249330461025238
493,ca15a_00019,18,0.9393497109413147,ratio_confidence,5,21.249330461025238
494,ca15a_00019,19,0.9066073894500732,ratio_confidence,5,21.249330461025238
495,ca15a_00019,20,0.9178943634033203,ratio_confidence,5,21.249330461025238
496,ca15a_00019,21,0.9426649212837219,ratio_confidence,5,21.249330461025238
497,ca15a_00019,22,0.9336779117584229,ratio_confidence,5,21.249330461025238
498,ca15a_00019,23,0.945217490196228,ratio_confidence,5,21.249330461025238
499,ca15a_00019,24,0.9366419315338135,ratio_confidence,5,21.249330461025238
500,ca15a_00020,0,0.5929614901542664,random,1,20.235376626253128
501,ca15a_00020,1,0.5995843410491943,random,1,20.235376626253128
502,ca15a_00020,2,0.6797327399253845,random,1,20.235376626253128
503,ca15a_00020,3,0.7833292484283447,random,1,20.235376626253128
504,ca15a_00020,4,0.8605983853340149,random,1,20.235376626253128
505,ca15a_00020,5,0.8562803268432617,random,1,20.235376626253128
506,ca15a_00020,6,0.8168141841888428,random,1,20.235376626253128
507,ca15a_00020,7,0.8509374260902405,random,1,20.235376626253128
508,ca15a_00020,8,0.840923547744751,random,1,20.235376626253128
509,ca15a_00020,9,0.8650784492492676,random,1,20.235376626253128
510,ca15a_00020,10,0.8444788455963135,random,1,20.235376626253128
511,ca15a_00020,11,0.8758106827735901,random,1,20.235376626253128
512,ca15a_00020,12,0.8254749774932861,random,1,20.235376626253128
513,ca15a_00020,13,0.8815918564796448,random,1,20.235376626253128
514,ca15a_00020,14,0.886263906955719,random,1,20.235376626253128
515,ca15a_00020,15,0.8702216148376465,random,1,20.235376626253128
516,ca15a_00020,16,0.8900445699691772,random,1,20.235376626253128
517,ca15a_00020,17,0.8998239040374756,random,1,20.235376626253128
518,ca15a_00020,18,0.8971144556999207,random,1,20.235376626253128
519,ca15a_00020,19,0.8919863104820251,random,1,20.235376626253128
520,ca15a_00020,20,0.8834959268569946,random,1,20.235376626253128
521,ca15a_00020,21,0.9074565768241882,random,1,20.235376626253128
522,ca15a_00020,22,0.8850253820419312,random,1,20.235376626253128
523,ca15a_00020,23,0.8880887627601624,random,1,20.235376626253128
524,ca15a_00020,24,0.9174789190292358,random,1,20.235376626253128
525,ca15a_00021,0,0.6921687722206116,random,2,20.46236878633499
526,ca15a_00021,1,0.7308793067932129,random,2,20.46236878633499
527,ca15a_00021,2,0.7534862756729126,random,2,20.46236878633499
528,ca15a_00021,3,0.7922937870025635,random,2,20.46236878633499
529,ca15a_00021,4,0.7909836173057556,random,2,20.46236878633499
530,ca15a_00021,5,0.8108944892883301,random,2,20.46236878633499
531,ca15a_00021,6,0.8298348188400269,random,2,20.46236878633499
532,ca15a_00021,7,0.8548948764801025,random,2,20.46236878633499
533,ca15a_00021,8,0.85382080078125,random,2,20.46236878633499
534,ca15a_00021,9,0.8474090099334717,random,2,20.46236878633499
535,ca15a_00021,10,0.8539918661117554,random,2,20.46236878633499
536,ca15a_00021,11,0.8722497224807739,random,2,20.46236878633499
537,ca15a_00021,12,0.8565242290496826,random,2,20.46236878633499
538,ca15a_00021,13,0.8688787221908569,random,2,20.46236878633499
539,ca15a_00021,14,0.8871598243713379,random,2,20.46236878633499
540,ca15a_00021,15,0.9030160903930664,random,2,20.46236878633499
541,ca15a_00021,16,0.8634478449821472,random,2,20.46236878633499
542,ca15a_00021,17,0.892379641532898,random,2,20.46236878633499
543,ca15a_00021,18,0.8954327702522278,random,2,20.46236878633499
544,ca15a_00021,19,0.8991347551345825,random,2,20.46236878633499
545,ca15a_00021,20,0.9051207900047302,random,2,20.46236878633499
546,ca15a_00021,21,0.9072651863098145,random,2,20.46236878633499
547,ca15a_00021,22,0.9117333292961121,random,2,20.46236878633499
548,ca15a_00021,23,0.9004709124565125,random,2,20.46236878633499
549,ca15a_00021,24,0.8699634671211243,random,2,20.46236878633499
550,ca15a_00022,0,0.7181622982025146,random,3,20.116331428289413
551,ca15a_00022,1,0.7369897365570068,random,3,20.116331428289413
552,ca15a_00022,2,0.6849430203437805,random,3,20.116331428289413
553,ca15a_00022,3,0.7278323769569397,random,3,20.116331428289413
554,ca15a_00022,4,0.7843884825706482,random,3,20.116331428289413
555,ca15a_00022,5,0.7485436201095581,random,3,20.116331428289413
556,ca15a_00022,6,0.7980911731719971,random,3,20.116331428289413
557,ca15a_00022,7,0.8207018375396729,random,3,20.116331428289413
558,ca15a_00022,8,0.8477200865745544,random,3,20.116331428289413
559,ca15a_00022,9,0.8375179767608643,random,3,20.116331428289413
560,ca15a_00022,10,0.8546707630157471,random,3,20.116331428289413
561,ca15a_00022,11,0.8339575529098511,random,3,20.116331428289413
562,ca15a_00022,12,0.8583797216415405,random,3,20.116331428289413
563,ca15a_00022,13,0.8824403285980225,random,3,20.116331428289413
564,ca15a_00022,14,0.86781907081604,random,3,20.116331428289413
565,ca15a_00022,15,0.8902206420898438,random,3,20.116331428289413
566,ca15a_00022,16,0.873345136642456,random,3,20.116331428289413
567,ca15a_00022,17,0.9010428190231323,random,3,20.116331428289413
568,ca15a_00022,18,0.8711154460906982,random,3,20.116331428289413
569,ca15a_00022,19,0.8961586952209473,random,3,20.116331428289413
570,ca15a_00022,20,0.9216864705085754,random,3,20.116331428289413
571,ca15a_00022,21,0.8606504201889038,random,3,20.116331428289413
572,ca15a_00022,22,0.8949218988418579,random,3,20.116331428289413
573,ca15a_00022,23,0.9093570113182068,random,3,20.116331428289413
574,ca15a_00022,24,0.9095119833946228,random,3,20.116331428289413
575,ca15a_00023,0,0.5994230508804321,random,4,20.594972401857376
576,ca15a_00023,1,0.6713067293167114,random,4,20.594972401857376
577,ca15a_00023,2,0.7366610765457153,random,4,20.594972401857376
578,ca15a_00023,3,0.8363531827926636,random,4,20.594972401857376
579,ca15a_00023,4,0.8269418478012085,random,4,20.594972401857376
580,ca15a_00023,5,0.8159878253936768,random,4,20.594972401857376
581,ca15a_00023,6,0.8380940556526184,random,4,20.594972401857376
582,ca15a_00023,7,0.8331422805786133,random,4,20.594972401857376
583,ca15a_00023,8,0.8518301844596863,random,4,20.594972401857376
584,ca15a_00023,9,0.8822143077850342,random,4,20.594972401857376
585,ca15a_00023,10,0.891105055809021,random,4,20.594972401857376
586,ca15a_00023,11,0.8728903532028198,random,4,20.594972401857376
587,ca15a_00023,12,0.9173798561096191,random,4,20.594972401857376
588,ca15a_00023,13,0.9006915092468262,random,4,20.594972401857376
589,ca15a_00023,14,0.8884907960891724,random,4,20.594972401857376
590,ca15a_00023,15,0.8901799917221069,random,4,20.594972401857376
591,ca15a_00023,16,0.9120316505432129,random,4,20.594972401857376
592,ca15a_00023,17,0.8898687958717346,random,4,20.594972401857376
593,ca15a_00023,18,0.889342188835144,random,4,20.594972401857376
594,ca15a_00023,19,0.8866217732429504,random,4,20.594972401857376
595,ca15a_00023,20,0.9045192003250122,random,4,20.594972401857376
596,ca15a_00023,21,0.9139447808265686,random,4,20.594972401857376
597,ca15a_00023,22,0.9051603078842163,random,4,20.594972401857376
598,ca15a_00023,23,0.8834488391876221,random,4,20.594972401857376
599,ca15a_00023,24,0.9141085743904114,random,4,20.594972401857376
600,ca15a_00024,0,0.6946165561676025,random,5,20.243161618709564
601,ca15a_00024,1,0.6281486749649048,random,5,20.243161618709564
602,ca15a_00024,2,0.7628042101860046,random,5,20.243161618709564
603,ca15a_00024,3,0.7880170345306396,random,5,20.243161618709564
604,ca15a_00024,4,0.778948962688446,random,5,20.243161618709564
605,ca15a_00024,5,0.8259875178337097,random,5,20.243161618709564
606,ca15a_00024,6,0.8705209493637085,random,5,20.243161618709564
607,ca15a_00024,7,0.8494787216186523,random,5,20.243161618709564
608,ca15a_00024,8,0.8155031204223633,random,5,20.243161618709564
609,ca15a_00024,9,0.8692543506622314,random,5,20.243161618709564
610,ca15a_00024,10,0.8838859796524048,random,5,20.243161618709564
611,ca15a_00024,11,0.8801014423370361,random,5,20.243161618709564
612,ca15a_00024,12,0.8657270669937134,random,5,20.243161618709564
613,ca15a_00024,13,0.8578080534934998,random,5,20.243161618709564
614,ca15a_00024,14,0.8955408930778503,random,5,20.243161618709564
615,ca15a_00024,15,0.8594846129417419,random,5,20.243161618709564
616,ca15a_00024,16,0.8673393130302429,random,5,20.243161618709564
617,ca15a_00024,17,0.8349833488464355,random,5,20.243161618709564
618,ca15a_00024,18,0.8510756492614746,random,5,20.243161618709564
619,ca15a_00024,19,0.9078831076622009,random,5,20.243161618709564
620,ca15a_00024,20,0.860054612159729,random,5,20.243161618709564
621,ca15a_00024,21,0.8976647853851318,random,5,20.243161618709564
622,ca15a_00024,22,0.9173892140388489,random,5,20.243161618709564
623,ca15a_00024,23,0.8713785409927368,random,5,20.243161618709564
624,ca15a_00024,24,0.9137463569641113,random,5,20.243161618709564
