,trial_id,iteration,test_metric,strategy,seed,score
0,3bfad_00000,0,0.4755390033188924,least_confidence,1,24.65112006630474
1,3bfad_00000,1,0.5201170263309245,least_confidence,1,24.65112006630474
2,3bfad_00000,2,0.8138034227999627,least_confidence,1,24.65112006630474
3,3bfad_00000,3,0.8235757747722185,least_confidence,1,24.65112006630474
4,3bfad_00000,4,0.8388204338339109,least_confidence,1,24.65112006630474
5,3bfad_00000,5,0.9974747474747474,least_confidence,1,24.65112006630474
6,3bfad_00000,6,0.9974747474747474,least_confidence,1,24.65112006630474
7,3bfad_00000,7,1.0,least_confidence,1,24.65112006630474
8,3bfad_00000,8,0.9974747474747474,least_confidence,1,24.65112006630474
9,3bfad_00000,9,0.9974747474747474,least_confidence,1,24.65112006630474
10,3bfad_00000,10,0.9974747474747474,least_confidence,1,24.65112006630474
11,3bfad_00000,11,0.9949748743718593,least_confidence,1,24.65112006630474
12,3bfad_00000,12,0.9949748743718593,least_confidence,1,24.65112006630474
13,3bfad_00000,13,0.9974747474747474,least_confidence,1,24.65112006630474
14,3bfad_00000,14,0.9974747474747474,least_confidence,1,24.65112006630474
15,3bfad_00000,15,0.9949748743718593,least_confidence,1,24.65112006630474
16,3bfad_00000,16,0.9949748743718593,least_confidence,1,24.65112006630474
17,3bfad_00000,17,0.9924999999999999,least_confidence,1,24.65112006630474
18,3bfad_00000,18,0.9924999999999999,least_confidence,1,24.65112006630474
19,3bfad_00000,19,0.9949748743718593,least_confidence,1,24.65112006630474
20,3bfad_00000,20,0.9949748743718593,least_confidence,1,24.65112006630474
21,3bfad_00000,21,0.9974747474747474,least_confidence,1,24.65112006630474
22,3bfad_00000,22,0.9974747474747474,least_confidence,1,24.65112006630474
23,3bfad_00000,23,0.9949748743718593,least_confidence,1,24.65112006630474
24,3bfad_00000,24,0.9974747474747474,least_confidence,1,24.65112006630474
25,3bfad_00000,25,0.9949748743718593,least_confidence,1,24.65112006630474
26,3bfad_00000,26,0.9949748743718593,least_confidence,1,24.65112006630474
27,3bfad_00001,0,0.40003500087502186,least_confidence,2,24.900318309179124
28,3bfad_00001,1,0.7931547619047619,least_confidence,2,24.900318309179124
29,3bfad_00001,2,0.8146964856230032,least_confidence,2,24.900318309179124
30,3bfad_00001,3,0.8146964856230032,least_confidence,2,24.900318309179124
31,3bfad_00001,4,0.8146964856230032,least_confidence,2,24.900318309179124
32,3bfad_00001,5,0.9804878048780488,least_confidence,2,24.900318309179124
33,3bfad_00001,6,0.9975490196078431,least_confidence,2,24.900318309179124
34,3bfad_00001,7,0.987545018007203,least_confidence,2,24.900318309179124
35,3bfad_00001,8,1.0,least_confidence,2,24.900318309179124
36,3bfad_00001,9,1.0,least_confidence,2,24.900318309179124
37,3bfad_00001,10,1.0,least_confidence,2,24.900318309179124
38,3bfad_00001,11,1.0,least_confidence,2,24.900318309179124
39,3bfad_00001,12,0.9974747474747474,least_confidence,2,24.900318309179124
40,3bfad_00001,13,1.0,least_confidence,2,24.900318309179124
41,3bfad_00001,14,1.0,least_confidence,2,24.900318309179124
42,3bfad_00001,15,1.0,least_confidence,2,24.900318309179124
43,3bfad_00001,16,1.0,least_confidence,2,24.900318309179124
44,3bfad_00001,17,1.0,least_confidence,2,24.900318309179124
45,3bfad_00001,18,1.0,least_confidence,2,24.900318309179124
46,3bfad_00001,19,1.0,least_confidence,2,24.900318309179124
47,3bfad_00001,20,1.0,least_confidence,2,24.900318309179124
48,3bfad_00001,21,1.0,least_confidence,2,24.900318309179124
49,3bfad_00001,22,1.0,least_confidence,2,24.900318309179124
50,3bfad_00001,23,1.0,least_confidence,2,24.900318309179124
51,3bfad_00001,24,1.0,least_confidence,2,24.900318309179124
52,3bfad_00001,25,1.0,least_confidence,2,24.900318309179124
53,3bfad_00001,26,1.0,least_confidence,2,24.900318309179124
54,3bfad_00002,0,0.7562817617165443,least_confidence,3,25.34339341944097
55,3bfad_00002,1,0.7814285714285714,least_confidence,3,25.34339341944097
56,3bfad_00002,2,0.8432055749128919,least_confidence,3,25.34339341944097
57,3bfad_00002,3,0.9411616161616161,least_confidence,3,25.34339341944097
58,3bfad_00002,4,0.9924999999999999,least_confidence,3,25.34339341944097
59,3bfad_00002,5,0.9924742474247426,least_confidence,3,25.34339341944097
60,3bfad_00002,6,0.9924742474247426,least_confidence,3,25.34339341944097
61,3bfad_00002,7,0.9949748743718593,least_confidence,3,25.34339341944097
62,3bfad_00002,8,0.9974747474747474,least_confidence,3,25.34339341944097
63,3bfad_00002,9,0.9924742474247426,least_confidence,3,25.34339341944097
64,3bfad_00002,10,0.9949748743718593,least_confidence,3,25.34339341944097
65,3bfad_00002,11,0.9974747474747474,least_confidence,3,25.34339341944097
66,3bfad_00002,12,0.9974747474747474,least_confidence,3,25.34339341944097
67,3bfad_00002,13,0.9974747474747474,least_confidence,3,25.34339341944097
68,3bfad_00002,14,0.9949748743718593,least_confidence,3,25.34339341944097
69,3bfad_00002,15,0.9949748743718593,least_confidence,3,25.34339341944097
70,3bfad_00002,16,0.9949748743718593,least_confidence,3,25.34339341944097
71,3bfad_00002,17,0.9949748743718593,least_confidence,3,25.34339341944097
72,3bfad_00002,18,0.9974747474747474,least_confidence,3,25.34339341944097
73,3bfad_00002,19,0.9949748743718593,least_confidence,3,25.34339341944097
74,3bfad_00002,20,0.9974747474747474,least_confidence,3,25.34339341944097
75,3bfad_00002,21,0.9974747474747474,least_confidence,3,25.34339341944097
76,3bfad_00002,22,0.9949748743718593,least_confidence,3,25.34339341944097
77,3bfad_00002,23,0.9949748743718593,least_confidence,3,25.34339341944097
78,3bfad_00002,24,0.9974747474747474,least_confidence,3,25.34339341944097
79,3bfad_00002,25,0.9974747474747474,least_confidence,3,25.34339341944097
80,3bfad_00002,26,0.9949748743718593,least_confidence,3,25.34339341944097
81,3bfad_00003,0,0.8003048780487805,least_confidence,4,24.54222090180145
82,3bfad_00003,1,0.4851091495586507,least_confidence,4,24.54222090180145
83,3bfad_00003,2,0.5025752575257525,least_confidence,4,24.54222090180145
84,3bfad_00003,3,0.8068368883751882,least_confidence,4,24.54222090180145
85,3bfad_00003,4,0.9879807692307692,least_confidence,4,24.54222090180145
86,3bfad_00003,5,0.9849746243656092,least_confidence,4,24.54222090180145
87,3bfad_00003,6,0.9951219512195122,least_confidence,4,24.54222090180145
88,3bfad_00003,7,0.9927184466019418,least_confidence,4,24.54222090180145
89,3bfad_00003,8,0.9927184466019418,least_confidence,4,24.54222090180145
90,3bfad_00003,9,0.9951219512195122,least_confidence,4,24.54222090180145
91,3bfad_00003,10,0.9927184466019418,least_confidence,4,24.54222090180145
92,3bfad_00003,11,0.9927184466019418,least_confidence,4,24.54222090180145
93,3bfad_00003,12,0.9951219512195122,least_confidence,4,24.54222090180145
94,3bfad_00003,13,0.9951219512195122,least_confidence,4,24.54222090180145
95,3bfad_00003,14,0.9951219512195122,least_confidence,4,24.54222090180145
96,3bfad_00003,15,0.9927184466019418,least_confidence,4,24.54222090180145
97,3bfad_00003,16,0.9927184466019418,least_confidence,4,24.54222090180145
98,3bfad_00003,17,0.9927184466019418,least_confidence,4,24.54222090180145
99,3bfad_00003,18,0.9951219512195122,least_confidence,4,24.54222090180145
100,3bfad_00003,19,0.9951219512195122,least_confidence,4,24.54222090180145
101,3bfad_00003,20,0.9927184466019418,least_confidence,4,24.54222090180145
102,3bfad_00003,21,0.9951219512195122,least_confidence,4,24.54222090180145
103,3bfad_00003,22,0.9927184466019418,least_confidence,4,24.54222090180145
104,3bfad_00003,23,0.9951219512195122,least_confidence,4,24.54222090180145
105,3bfad_00003,24,0.992547018807523,least_confidence,4,24.54222090180145
106,3bfad_00003,25,0.9951219512195122,least_confidence,4,24.54222090180145
107,3bfad_00003,26,0.9927184466019418,least_confidence,4,24.54222090180145
108,3bfad_00004,0,0.5318305890640134,least_confidence,5,24.8887839135296
109,3bfad_00004,1,0.4925,least_confidence,5,24.8887839135296
110,3bfad_00004,2,0.8107974733517568,least_confidence,5,24.8887839135296
111,3bfad_00004,3,0.9190282383680033,least_confidence,5,24.8887839135296
112,3bfad_00004,4,0.9681463316985287,least_confidence,5,24.8887839135296
113,3bfad_00004,5,0.992547018807523,least_confidence,5,24.8887839135296
114,3bfad_00004,6,0.9927184466019418,least_confidence,5,24.8887839135296
115,3bfad_00004,7,0.9975490196078431,least_confidence,5,24.8887839135296
116,3bfad_00004,8,0.9924742474247426,least_confidence,5,24.8887839135296
117,3bfad_00004,9,0.9975490196078431,least_confidence,5,24.8887839135296
118,3bfad_00004,10,0.9975490196078431,least_confidence,5,24.8887839135296
119,3bfad_00004,11,0.9975490196078431,least_confidence,5,24.8887839135296
120,3bfad_00004,12,0.9975490196078431,least_confidence,5,24.8887839135296
121,3bfad_00004,13,0.9975490196078431,least_confidence,5,24.8887839135296
122,3bfad_00004,14,0.9975490196078431,least_confidence,5,24.8887839135296
123,3bfad_00004,15,0.9975490196078431,least_confidence,5,24.8887839135296
124,3bfad_00004,16,0.9975490196078431,least_confidence,5,24.8887839135296
125,3bfad_00004,17,0.9975490196078431,least_confidence,5,24.8887839135296
126,3bfad_00004,18,0.9975490196078431,least_confidence,5,24.8887839135296
127,3bfad_00004,19,0.9975490196078431,least_confidence,5,24.8887839135296
128,3bfad_00004,20,0.9975490196078431,least_confidence,5,24.8887839135296
129,3bfad_00004,21,0.9975490196078431,least_confidence,5,24.8887839135296
130,3bfad_00004,22,0.9975490196078431,least_confidence,5,24.8887839135296
131,3bfad_00004,23,0.9975490196078431,least_confidence,5,24.8887839135296
132,3bfad_00004,24,0.9975490196078431,least_confidence,5,24.8887839135296
133,3bfad_00004,25,0.9975490196078431,least_confidence,5,24.8887839135296
134,3bfad_00004,26,0.9975490196078431,least_confidence,5,24.8887839135296
135,3bfad_00005,0,0.4755390033188924,entropy,1,23.15366175865835
136,3bfad_00005,1,0.5201170263309245,entropy,1,23.15366175865835
137,3bfad_00005,2,0.5748585795097423,entropy,1,23.15366175865835
138,3bfad_00005,3,0.7014526309986493,entropy,1,23.15366175865835
139,3bfad_00005,4,0.49311926605504586,entropy,1,23.15366175865835
140,3bfad_00005,5,0.8126436004865523,entropy,1,23.15366175865835
141,3bfad_00005,6,0.8010360172437769,entropy,1,23.15366175865835
142,3bfad_00005,7,0.9708392781156917,entropy,1,23.15366175865835
143,3bfad_00005,8,0.9712918660287082,entropy,1,23.15366175865835
144,3bfad_00005,9,0.9604752970606629,entropy,1,23.15366175865835
145,3bfad_00005,10,0.969047619047619,entropy,1,23.15366175865835
146,3bfad_00005,11,0.9804878048780488,entropy,1,23.15366175865835
147,3bfad_00005,12,0.980049501237531,entropy,1,23.15366175865835
148,3bfad_00005,13,0.9523988852903518,entropy,1,23.15366175865835
149,3bfad_00005,14,0.9776227622762277,entropy,1,23.15366175865835
150,3bfad_00005,15,0.9850496262406561,entropy,1,23.15366175865835
151,3bfad_00005,16,0.9852216748768473,entropy,1,23.15366175865835
152,3bfad_00005,17,0.9708392781156917,entropy,1,23.15366175865835
153,3bfad_00005,18,0.9924742474247426,entropy,1,23.15366175865835
154,3bfad_00005,19,0.9708392781156917,entropy,1,23.15366175865835
155,3bfad_00005,20,0.9596045764753112,entropy,1,23.15366175865835
156,3bfad_00005,21,0.9712918660287082,entropy,1,23.15366175865835
157,3bfad_00005,22,0.9596045764753112,entropy,1,23.15366175865835
158,3bfad_00005,23,0.982843137254902,entropy,1,23.15366175865835
159,3bfad_00005,24,0.9852216748768473,entropy,1,23.15366175865835
160,3bfad_00005,25,0.9899747493687343,entropy,1,23.15366175865835
161,3bfad_00005,26,0.9949748743718593,entropy,1,23.15366175865835
162,3bfad_00006,0,0.40003500087502186,entropy,2,24.061776129595795
163,3bfad_00006,1,0.7931547619047619,entropy,2,24.061776129595795
164,3bfad_00006,2,0.8544376180217559,entropy,2,24.061776129595795
165,3bfad_00006,3,0.8884440079574929,entropy,2,24.061776129595795
166,3bfad_00006,4,0.9124662466246625,entropy,2,24.061776129595795
167,3bfad_00006,5,0.9602160486109375,entropy,2,24.061776129595795
168,3bfad_00006,6,0.9072916666666666,entropy,2,24.061776129595795
169,3bfad_00006,7,0.8031413087113609,entropy,2,24.061776129595795
170,3bfad_00006,8,0.9783208020050125,entropy,2,24.061776129595795
171,3bfad_00006,9,0.9555146688174212,entropy,2,24.061776129595795
172,3bfad_00006,10,0.9803258992265524,entropy,2,24.061776129595795
173,3bfad_00006,11,0.9598429951690821,entropy,2,24.061776129595795
174,3bfad_00006,12,0.9642498241382775,entropy,2,24.061776129595795
175,3bfad_00006,13,0.9272372742200329,entropy,2,24.061776129595795
176,3bfad_00006,14,0.940952380952381,entropy,2,24.061776129595795
177,3bfad_00006,15,0.9783208020050125,entropy,2,24.061776129595795
178,3bfad_00006,16,0.9715046069644246,entropy,2,24.061776129595795
179,3bfad_00006,17,0.9400754793961648,entropy,2,24.061776129595795
180,3bfad_00006,18,0.948051948051948,entropy,2,24.061776129595795
181,3bfad_00006,19,0.9216724809655981,entropy,2,24.061776129595795
182,3bfad_00006,20,0.9400754793961648,entropy,2,24.061776129595795
183,3bfad_00006,21,0.931074168797954,entropy,2,24.061776129595795
184,3bfad_00006,22,0.917915663586239,entropy,2,24.061776129595795
185,3bfad_00006,23,0.9899977494936361,entropy,2,24.061776129595795
186,3bfad_00006,24,0.9974747474747474,entropy,2,24.061776129595795
187,3bfad_00006,25,1.0,entropy,2,24.061776129595795
188,3bfad_00006,26,1.0,entropy,2,24.061776129595795
189,3bfad_00007,0,0.7562817617165443,entropy,3,23.455902864168507
190,3bfad_00007,1,0.7814285714285714,entropy,3,23.455902864168507
191,3bfad_00007,2,0.8321371610845294,entropy,3,23.455902864168507
192,3bfad_00007,3,0.8801480051480052,entropy,3,23.455902864168507
193,3bfad_00007,4,0.7679924242424242,entropy,3,23.455902864168507
194,3bfad_00007,5,0.8902630389106093,entropy,3,23.455902864168507
195,3bfad_00007,6,0.8817348057434691,entropy,3,23.455902864168507
196,3bfad_00007,7,0.8619652406417113,entropy,3,23.455902864168507
197,3bfad_00007,8,0.8182777040590656,entropy,3,23.455902864168507
198,3bfad_00007,9,0.8218954248366013,entropy,3,23.455902864168507
199,3bfad_00007,10,0.9355898784094643,entropy,3,23.455902864168507
200,3bfad_00007,11,0.8675373134328358,entropy,3,23.455902864168507
201,3bfad_00007,12,0.8793402777777778,entropy,3,23.455902864168507
202,3bfad_00007,13,0.9685496794871795,entropy,3,23.455902864168507
203,3bfad_00007,14,0.9386324526773965,entropy,3,23.455902864168507
204,3bfad_00007,15,0.8581818181818182,entropy,3,23.455902864168507
205,3bfad_00007,16,0.9386324526773965,entropy,3,23.455902864168507
206,3bfad_00007,17,0.9457013574660633,entropy,3,23.455902864168507
207,3bfad_00007,18,0.8788461538461538,entropy,3,23.455902864168507
208,3bfad_00007,19,0.9850496262406561,entropy,3,23.455902864168507
209,3bfad_00007,20,0.9618094736578149,entropy,3,23.455902864168507
210,3bfad_00007,21,0.9596045764753112,entropy,3,23.455902864168507
211,3bfad_00007,22,0.9618094736578149,entropy,3,23.455902864168507
212,3bfad_00007,23,0.9850496262406561,entropy,3,23.455902864168507
213,3bfad_00007,24,0.9826232623262325,entropy,3,23.455902864168507
214,3bfad_00007,25,0.9974747474747474,entropy,3,23.455902864168507
215,3bfad_00007,26,0.9949748743718593,entropy,3,23.455902864168507
216,3bfad_00008,0,0.8003048780487805,entropy,4,23.755604168912793
217,3bfad_00008,1,0.4851091495586507,entropy,4,23.755604168912793
218,3bfad_00008,2,0.4749618740468512,entropy,4,23.755604168912793
219,3bfad_00008,3,0.81914086491564,entropy,4,23.755604168912793
220,3bfad_00008,4,0.8059139784946237,entropy,4,23.755604168912793
221,3bfad_00008,5,0.816936579633506,entropy,4,23.755604168912793
222,3bfad_00008,6,0.8125878909961612,entropy,4,23.755604168912793
223,3bfad_00008,7,0.9774727472747274,entropy,4,23.755604168912793
224,3bfad_00008,8,0.9389431390499441,entropy,4,23.755604168912793
225,3bfad_00008,9,0.9825430172068828,entropy,4,23.755604168912793
226,3bfad_00008,10,0.9899977494936361,entropy,4,23.755604168912793
227,3bfad_00008,11,0.987545018007203,entropy,4,23.755604168912793
228,3bfad_00008,12,0.9703136342018974,entropy,4,23.755604168912793
229,3bfad_00008,13,0.9824732473247324,entropy,4,23.755604168912793
230,3bfad_00008,14,0.9825430172068828,entropy,4,23.755604168912793
231,3bfad_00008,15,0.9801125703564728,entropy,4,23.755604168912793
232,3bfad_00008,16,0.9899977494936361,entropy,4,23.755604168912793
233,3bfad_00008,17,0.979974499362484,entropy,4,23.755604168912793
234,3bfad_00008,18,0.9799954989872721,entropy,4,23.755604168912793
235,3bfad_00008,19,0.974974374359359,entropy,4,23.755604168912793
236,3bfad_00008,20,0.9874737473747375,entropy,4,23.755604168912793
237,3bfad_00008,21,0.987545018007203,entropy,4,23.755604168912793
238,3bfad_00008,22,0.9899977494936361,entropy,4,23.755604168912793
239,3bfad_00008,23,0.987545018007203,entropy,4,23.755604168912793
240,3bfad_00008,24,0.9849966242404541,entropy,4,23.755604168912793
241,3bfad_00008,25,0.9899977494936361,entropy,4,23.755604168912793
242,3bfad_00008,26,0.9927184466019418,entropy,4,23.755604168912793
243,3bfad_00009,0,0.5318305890640134,entropy,5,24.36052971704621
244,3bfad_00009,1,0.4925,entropy,5,24.36052971704621
245,3bfad_00009,2,0.8456140350877193,entropy,5,24.36052971704621
246,3bfad_00009,3,0.9052574357381378,entropy,5,24.36052971704621
247,3bfad_00009,4,0.9052574357381378,entropy,5,24.36052971704621
248,3bfad_00009,5,0.8915357585779248,entropy,5,24.36052971704621
249,3bfad_00009,6,0.9576869182264038,entropy,5,24.36052971704621
250,3bfad_00009,7,0.9825430172068828,entropy,5,24.36052971704621
251,3bfad_00009,8,0.9396806175736018,entropy,5,24.36052971704621
252,3bfad_00009,9,0.9234487296285049,entropy,5,24.36052971704621
253,3bfad_00009,10,0.9531328195375839,entropy,5,24.36052971704621
254,3bfad_00009,11,0.9412309927603397,entropy,5,24.36052971704621
255,3bfad_00009,12,0.9650491262281558,entropy,5,24.36052971704621
256,3bfad_00009,13,0.9824999999999999,entropy,5,24.36052971704621
257,3bfad_00009,14,0.9851156973108193,entropy,5,24.36052971704621
258,3bfad_00009,15,0.9849746243656092,entropy,5,24.36052971704621
259,3bfad_00009,16,0.9899747493687343,entropy,5,24.36052971704621
260,3bfad_00009,17,0.9824999999999999,entropy,5,24.36052971704621
261,3bfad_00009,18,0.9951219512195122,entropy,5,24.36052971704621
262,3bfad_00009,19,0.9975490196078431,entropy,5,24.36052971704621
263,3bfad_00009,20,0.992547018807523,entropy,5,24.36052971704621
264,3bfad_00009,21,0.9924742474247426,entropy,5,24.36052971704621
265,3bfad_00009,22,0.9951219512195122,entropy,5,24.36052971704621
266,3bfad_00009,23,1.0,entropy,5,24.36052971704621
267,3bfad_00009,24,0.9974747474747474,entropy,5,24.36052971704621
268,3bfad_00009,25,0.9975490196078431,entropy,5,24.36052971704621
269,3bfad_00009,26,0.9975490196078431,entropy,5,24.36052971704621
270,3bfad_00010,0,0.4755390033188924,marginal_confidence,1,24.65112006630474
271,3bfad_00010,1,0.5201170263309245,marginal_confidence,1,24.65112006630474
272,3bfad_00010,2,0.8138034227999627,marginal_confidence,1,24.65112006630474
273,3bfad_00010,3,0.8235757747722185,marginal_confidence,1,24.65112006630474
274,3bfad_00010,4,0.8388204338339109,marginal_confidence,1,24.65112006630474
275,3bfad_00010,5,0.9974747474747474,marginal_confidence,1,24.65112006630474
276,3bfad_00010,6,0.9974747474747474,marginal_confidence,1,24.65112006630474
277,3bfad_00010,7,1.0,marginal_confidence,1,24.65112006630474
278,3bfad_00010,8,0.9974747474747474,marginal_confidence,1,24.65112006630474
279,3bfad_00010,9,0.9974747474747474,marginal_confidence,1,24.65112006630474
280,3bfad_00010,10,0.9974747474747474,marginal_confidence,1,24.65112006630474
281,3bfad_00010,11,0.9949748743718593,marginal_confidence,1,24.65112006630474
282,3bfad_00010,12,0.9949748743718593,marginal_confidence,1,24.65112006630474
283,3bfad_00010,13,0.9974747474747474,marginal_confidence,1,24.65112006630474
284,3bfad_00010,14,0.9974747474747474,marginal_confidence,1,24.65112006630474
285,3bfad_00010,15,0.9949748743718593,marginal_confidence,1,24.65112006630474
286,3bfad_00010,16,0.9949748743718593,marginal_confidence,1,24.65112006630474
287,3bfad_00010,17,0.9924999999999999,marginal_confidence,1,24.65112006630474
288,3bfad_00010,18,0.9924999999999999,marginal_confidence,1,24.65112006630474
289,3bfad_00010,19,0.9949748743718593,marginal_confidence,1,24.65112006630474
290,3bfad_00010,20,0.9949748743718593,marginal_confidence,1,24.65112006630474
291,3bfad_00010,21,0.9974747474747474,marginal_confidence,1,24.65112006630474
292,3bfad_00010,22,0.9974747474747474,marginal_confidence,1,24.65112006630474
293,3bfad_00010,23,0.9949748743718593,marginal_confidence,1,24.65112006630474
294,3bfad_00010,24,0.9974747474747474,marginal_confidence,1,24.65112006630474
295,3bfad_00010,25,0.9949748743718593,marginal_confidence,1,24.65112006630474
296,3bfad_00010,26,0.9949748743718593,marginal_confidence,1,24.65112006630474
297,3bfad_00011,0,0.40003500087502186,marginal_confidence,2,24.900318309179124
298,3bfad_00011,1,0.7931547619047619,marginal_confidence,2,24.900318309179124
299,3bfad_00011,2,0.8146964856230032,marginal_confidence,2,24.900318309179124
300,3bfad_00011,3,0.8146964856230032,marginal_confidence,2,24.900318309179124
301,3bfad_00011,4,0.8146964856230032,marginal_confidence,2,24.900318309179124
302,3bfad_00011,5,0.9804878048780488,marginal_confidence,2,24.900318309179124
303,3bfad_00011,6,0.9975490196078431,marginal_confidence,2,24.900318309179124
304,3bfad_00011,7,0.987545018007203,marginal_confidence,2,24.900318309179124
305,3bfad_00011,8,1.0,marginal_confidence,2,24.900318309179124
306,3bfad_00011,9,1.0,marginal_confidence,2,24.900318309179124
307,3bfad_00011,10,1.0,marginal_confidence,2,24.900318309179124
308,3bfad_00011,11,1.0,marginal_confidence,2,24.900318309179124
309,3bfad_00011,12,0.9974747474747474,marginal_confidence,2,24.900318309179124
310,3bfad_00011,13,1.0,marginal_confidence,2,24.900318309179124
311,3bfad_00011,14,1.0,marginal_confidence,2,24.900318309179124
312,3bfad_00011,15,1.0,marginal_confidence,2,24.900318309179124
313,3bfad_00011,16,1.0,marginal_confidence,2,24.900318309179124
314,3bfad_00011,17,1.0,marginal_confidence,2,24.900318309179124
315,3bfad_00011,18,1.0,marginal_confidence,2,24.900318309179124
316,3bfad_00011,19,1.0,marginal_confidence,2,24.900318309179124
317,3bfad_00011,20,1.0,marginal_confidence,2,24.900318309179124
318,3bfad_00011,21,1.0,marginal_confidence,2,24.900318309179124
319,3bfad_00011,22,1.0,marginal_confidence,2,24.900318309179124
320,3bfad_00011,23,1.0,marginal_confidence,2,24.900318309179124
321,3bfad_00011,24,1.0,marginal_confidence,2,24.900318309179124
322,3bfad_00011,25,1.0,marginal_confidence,2,24.900318309179124
323,3bfad_00011,26,1.0,marginal_confidence,2,24.900318309179124
324,3bfad_00012,0,0.7562817617165443,marginal_confidence,3,25.34339341944097
325,3bfad_00012,1,0.7814285714285714,marginal_confidence,3,25.34339341944097
326,3bfad_00012,2,0.8432055749128919,marginal_confidence,3,25.34339341944097
327,3bfad_00012,3,0.9411616161616161,marginal_confidence,3,25.34339341944097
328,3bfad_00012,4,0.9924999999999999,marginal_confidence,3,25.34339341944097
329,3bfad_00012,5,0.9924742474247426,marginal_confidence,3,25.34339341944097
330,3bfad_00012,6,0.9924742474247426,marginal_confidence,3,25.34339341944097
331,3bfad_00012,7,0.9949748743718593,marginal_confidence,3,25.34339341944097
332,3bfad_00012,8,0.9974747474747474,marginal_confidence,3,25.34339341944097
333,3bfad_00012,9,0.9924742474247426,marginal_confidence,3,25.34339341944097
334,3bfad_00012,10,0.9949748743718593,marginal_confidence,3,25.34339341944097
335,3bfad_00012,11,0.9974747474747474,marginal_confidence,3,25.34339341944097
336,3bfad_00012,12,0.9974747474747474,marginal_confidence,3,25.34339341944097
337,3bfad_00012,13,0.9974747474747474,marginal_confidence,3,25.34339341944097
338,3bfad_00012,14,0.9949748743718593,marginal_confidence,3,25.34339341944097
339,3bfad_00012,15,0.9949748743718593,marginal_confidence,3,25.34339341944097
340,3bfad_00012,16,0.9949748743718593,marginal_confidence,3,25.34339341944097
341,3bfad_00012,17,0.9949748743718593,marginal_confidence,3,25.34339341944097
342,3bfad_00012,18,0.9974747474747474,marginal_confidence,3,25.34339341944097
343,3bfad_00012,19,0.9949748743718593,marginal_confidence,3,25.34339341944097
344,3bfad_00012,20,0.9974747474747474,marginal_confidence,3,25.34339341944097
345,3bfad_00012,21,0.9974747474747474,marginal_confidence,3,25.34339341944097
346,3bfad_00012,22,0.9949748743718593,marginal_confidence,3,25.34339341944097
347,3bfad_00012,23,0.9949748743718593,marginal_confidence,3,25.34339341944097
348,3bfad_00012,24,0.9974747474747474,marginal_confidence,3,25.34339341944097
349,3bfad_00012,25,0.9974747474747474,marginal_confidence,3,25.34339341944097
350,3bfad_00012,26,0.9949748743718593,marginal_confidence,3,25.34339341944097
351,3bfad_00013,0,0.8003048780487805,marginal_confidence,4,24.54222090180145
352,3bfad_00013,1,0.4851091495586507,marginal_confidence,4,24.54222090180145
353,3bfad_00013,2,0.5025752575257525,marginal_confidence,4,24.54222090180145
354,3bfad_00013,3,0.8068368883751882,marginal_confidence,4,24.54222090180145
355,3bfad_00013,4,0.9879807692307692,marginal_confidence,4,24.54222090180145
356,3bfad_00013,5,0.9849746243656092,marginal_confidence,4,24.54222090180145
357,3bfad_00013,6,0.9951219512195122,marginal_confidence,4,24.54222090180145
358,3bfad_00013,7,0.9927184466019418,marginal_confidence,4,24.54222090180145
359,3bfad_00013,8,0.9927184466019418,marginal_confidence,4,24.54222090180145
360,3bfad_00013,9,0.9951219512195122,marginal_confidence,4,24.54222090180145
361,3bfad_00013,10,0.9927184466019418,marginal_confidence,4,24.54222090180145
362,3bfad_00013,11,0.9927184466019418,marginal_confidence,4,24.54222090180145
363,3bfad_00013,12,0.9951219512195122,marginal_confidence,4,24.54222090180145
364,3bfad_00013,13,0.9951219512195122,marginal_confidence,4,24.54222090180145
365,3bfad_00013,14,0.9951219512195122,marginal_confidence,4,24.54222090180145
366,3bfad_00013,15,0.9927184466019418,marginal_confidence,4,24.54222090180145
367,3bfad_00013,16,0.9927184466019418,marginal_confidence,4,24.54222090180145
368,3bfad_00013,17,0.9927184466019418,marginal_confidence,4,24.54222090180145
369,3bfad_00013,18,0.9951219512195122,marginal_confidence,4,24.54222090180145
370,3bfad_00013,19,0.9951219512195122,marginal_confidence,4,24.54222090180145
371,3bfad_00013,20,0.9927184466019418,marginal_confidence,4,24.54222090180145
372,3bfad_00013,21,0.9951219512195122,marginal_confidence,4,24.54222090180145
373,3bfad_00013,22,0.9927184466019418,marginal_confidence,4,24.54222090180145
374,3bfad_00013,23,0.9951219512195122,marginal_confidence,4,24.54222090180145
375,3bfad_00013,24,0.992547018807523,marginal_confidence,4,24.54222090180145
376,3bfad_00013,25,0.9951219512195122,marginal_confidence,4,24.54222090180145
377,3bfad_00013,26,0.9927184466019418,marginal_confidence,4,24.54222090180145
378,3bfad_00014,0,0.5318305890640134,marginal_confidence,5,24.8887839135296
379,3bfad_00014,1,0.4925,marginal_confidence,5,24.8887839135296
380,3bfad_00014,2,0.8107974733517568,marginal_confidence,5,24.8887839135296
381,3bfad_00014,3,0.9190282383680033,marginal_confidence,5,24.8887839135296
382,3bfad_00014,4,0.9681463316985287,marginal_confidence,5,24.8887839135296
383,3bfad_00014,5,0.992547018807523,marginal_confidence,5,24.8887839135296
384,3bfad_00014,6,0.9927184466019418,marginal_confidence,5,24.8887839135296
385,3bfad_00014,7,0.9975490196078431,marginal_confidence,5,24.8887839135296
386,3bfad_00014,8,0.9924742474247426,marginal_confidence,5,24.8887839135296
387,3bfad_00014,9,0.9975490196078431,marginal_confidence,5,24.8887839135296
388,3bfad_00014,10,0.9975490196078431,marginal_confidence,5,24.8887839135296
389,3bfad_00014,11,0.9975490196078431,marginal_confidence,5,24.8887839135296
390,3bfad_00014,12,0.9975490196078431,marginal_confidence,5,24.8887839135296
391,3bfad_00014,13,0.9975490196078431,marginal_confidence,5,24.8887839135296
392,3bfad_00014,14,0.9975490196078431,marginal_confidence,5,24.8887839135296
393,3bfad_00014,15,0.9975490196078431,marginal_confidence,5,24.8887839135296
394,3bfad_00014,16,0.9975490196078431,marginal_confidence,5,24.8887839135296
395,3bfad_00014,17,0.9975490196078431,marginal_confidence,5,24.8887839135296
396,3bfad_00014,18,0.9975490196078431,marginal_confidence,5,24.8887839135296
397,3bfad_00014,19,0.9975490196078431,marginal_confidence,5,24.8887839135296
398,3bfad_00014,20,0.9975490196078431,marginal_confidence,5,24.8887839135296
399,3bfad_00014,21,0.9975490196078431,marginal_confidence,5,24.8887839135296
400,3bfad_00014,22,0.9975490196078431,marginal_confidence,5,24.8887839135296
401,3bfad_00014,23,0.9975490196078431,marginal_confidence,5,24.8887839135296
402,3bfad_00014,24,0.9975490196078431,marginal_confidence,5,24.8887839135296
403,3bfad_00014,25,0.9975490196078431,marginal_confidence,5,24.8887839135296
404,3bfad_00014,26,0.9975490196078431,marginal_confidence,5,24.8887839135296
405,3bfad_00015,0,0.4755390033188924,ratio_confidence,1,24.65112006630474
406,3bfad_00015,1,0.5201170263309245,ratio_confidence,1,24.65112006630474
407,3bfad_00015,2,0.8138034227999627,ratio_confidence,1,24.65112006630474
408,3bfad_00015,3,0.8235757747722185,ratio_confidence,1,24.65112006630474
409,3bfad_00015,4,0.8388204338339109,ratio_confidence,1,24.65112006630474
410,3bfad_00015,5,0.9974747474747474,ratio_confidence,1,24.65112006630474
411,3bfad_00015,6,0.9974747474747474,ratio_confidence,1,24.65112006630474
412,3bfad_00015,7,1.0,ratio_confidence,1,24.65112006630474
413,3bfad_00015,8,0.9974747474747474,ratio_confidence,1,24.65112006630474
414,3bfad_00015,9,0.9974747474747474,ratio_confidence,1,24.65112006630474
415,3bfad_00015,10,0.9974747474747474,ratio_confidence,1,24.65112006630474
416,3bfad_00015,11,0.9949748743718593,ratio_confidence,1,24.65112006630474
417,3bfad_00015,12,0.9949748743718593,ratio_confidence,1,24.65112006630474
418,3bfad_00015,13,0.9974747474747474,ratio_confidence,1,24.65112006630474
419,3bfad_00015,14,0.9974747474747474,ratio_confidence,1,24.65112006630474
420,3bfad_00015,15,0.9949748743718593,ratio_confidence,1,24.65112006630474
421,3bfad_00015,16,0.9949748743718593,ratio_confidence,1,24.65112006630474
422,3bfad_00015,17,0.9924999999999999,ratio_confidence,1,24.65112006630474
423,3bfad_00015,18,0.9924999999999999,ratio_confidence,1,24.65112006630474
424,3bfad_00015,19,0.9949748743718593,ratio_confidence,1,24.65112006630474
425,3bfad_00015,20,0.9949748743718593,ratio_confidence,1,24.65112006630474
426,3bfad_00015,21,0.9974747474747474,ratio_confidence,1,24.65112006630474
427,3bfad_00015,22,0.9974747474747474,ratio_confidence,1,24.65112006630474
428,3bfad_00015,23,0.9949748743718593,ratio_confidence,1,24.65112006630474
429,3bfad_00015,24,0.9974747474747474,ratio_confidence,1,24.65112006630474
430,3bfad_00015,25,0.9949748743718593,ratio_confidence,1,24.65112006630474
431,3bfad_00015,26,0.9949748743718593,ratio_confidence,1,24.65112006630474
432,3bfad_00016,0,0.40003500087502186,ratio_confidence,2,24.900318309179124
433,3bfad_00016,1,0.7931547619047619,ratio_confidence,2,24.900318309179124
434,3bfad_00016,2,0.8146964856230032,ratio_confidence,2,24.900318309179124
435,3bfad_00016,3,0.8146964856230032,ratio_confidence,2,24.900318309179124
436,3bfad_00016,4,0.8146964856230032,ratio_confidence,2,24.900318309179124
437,3bfad_00016,5,0.9804878048780488,ratio_confidence,2,24.900318309179124
438,3bfad_00016,6,0.9975490196078431,ratio_confidence,2,24.900318309179124
439,3bfad_00016,7,0.987545018007203,ratio_confidence,2,24.900318309179124
440,3bfad_00016,8,1.0,ratio_confidence,2,24.900318309179124
441,3bfad_00016,9,1.0,ratio_confidence,2,24.900318309179124
442,3bfad_00016,10,1.0,ratio_confidence,2,24.900318309179124
443,3bfad_00016,11,1.0,ratio_confidence,2,24.900318309179124
444,3bfad_00016,12,0.9974747474747474,ratio_confidence,2,24.900318309179124
445,3bfad_00016,13,1.0,ratio_confidence,2,24.900318309179124
446,3bfad_00016,14,1.0,ratio_confidence,2,24.900318309179124
447,3bfad_00016,15,1.0,ratio_confidence,2,24.900318309179124
448,3bfad_00016,16,1.0,ratio_confidence,2,24.900318309179124
449,3bfad_00016,17,1.0,ratio_confidence,2,24.900318309179124
450,3bfad_00016,18,1.0,ratio_confidence,2,24.900318309179124
451,3bfad_00016,19,1.0,ratio_confidence,2,24.900318309179124
452,3bfad_00016,20,1.0,ratio_confidence,2,24.900318309179124
453,3bfad_00016,21,1.0,ratio_confidence,2,24.900318309179124
454,3bfad_00016,22,1.0,ratio_confidence,2,24.900318309179124
455,3bfad_00016,23,1.0,ratio_confidence,2,24.900318309179124
456,3bfad_00016,24,1.0,ratio_confidence,2,24.900318309179124
457,3bfad_00016,25,1.0,ratio_confidence,2,24.900318309179124
458,3bfad_00016,26,1.0,ratio_confidence,2,24.900318309179124
459,3bfad_00017,0,0.7562817617165443,ratio_confidence,3,25.34339341944097
460,3bfad_00017,1,0.7814285714285714,ratio_confidence,3,25.34339341944097
461,3bfad_00017,2,0.8432055749128919,ratio_confidence,3,25.34339341944097
462,3bfad_00017,3,0.9411616161616161,ratio_confidence,3,25.34339341944097
463,3bfad_00017,4,0.9924999999999999,ratio_confidence,3,25.34339341944097
464,3bfad_00017,5,0.9924742474247426,ratio_confidence,3,25.34339341944097
465,3bfad_00017,6,0.9924742474247426,ratio_confidence,3,25.34339341944097
466,3bfad_00017,7,0.9949748743718593,ratio_confidence,3,25.34339341944097
467,3bfad_00017,8,0.9974747474747474,ratio_confidence,3,25.34339341944097
468,3bfad_00017,9,0.9924742474247426,ratio_confidence,3,25.34339341944097
469,3bfad_00017,10,0.9949748743718593,ratio_confidence,3,25.34339341944097
470,3bfad_00017,11,0.9974747474747474,ratio_confidence,3,25.34339341944097
471,3bfad_00017,12,0.9974747474747474,ratio_confidence,3,25.34339341944097
472,3bfad_00017,13,0.9974747474747474,ratio_confidence,3,25.34339341944097
473,3bfad_00017,14,0.9949748743718593,ratio_confidence,3,25.34339341944097
474,3bfad_00017,15,0.9949748743718593,ratio_confidence,3,25.34339341944097
475,3bfad_00017,16,0.9949748743718593,ratio_confidence,3,25.34339341944097
476,3bfad_00017,17,0.9949748743718593,ratio_confidence,3,25.34339341944097
477,3bfad_00017,18,0.9974747474747474,ratio_confidence,3,25.34339341944097
478,3bfad_00017,19,0.9949748743718593,ratio_confidence,3,25.34339341944097
479,3bfad_00017,20,0.9974747474747474,ratio_confidence,3,25.34339341944097
480,3bfad_00017,21,0.9974747474747474,ratio_confidence,3,25.34339341944097
481,3bfad_00017,22,0.9949748743718593,ratio_confidence,3,25.34339341944097
482,3bfad_00017,23,0.9949748743718593,ratio_confidence,3,25.34339341944097
483,3bfad_00017,24,0.9974747474747474,ratio_confidence,3,25.34339341944097
484,3bfad_00017,25,0.9974747474747474,ratio_confidence,3,25.34339341944097
485,3bfad_00017,26,0.9949748743718593,ratio_confidence,3,25.34339341944097
486,3bfad_00018,0,0.8003048780487805,ratio_confidence,4,24.54222090180145
487,3bfad_00018,1,0.4851091495586507,ratio_confidence,4,24.54222090180145
488,3bfad_00018,2,0.5025752575257525,ratio_confidence,4,24.54222090180145
489,3bfad_00018,3,0.8068368883751882,ratio_confidence,4,24.54222090180145
490,3bfad_00018,4,0.9879807692307692,ratio_confidence,4,24.54222090180145
491,3bfad_00018,5,0.9849746243656092,ratio_confidence,4,24.54222090180145
492,3bfad_00018,6,0.9951219512195122,ratio_confidence,4,24.54222090180145
493,3bfad_00018,7,0.9927184466019418,ratio_confidence,4,24.54222090180145
494,3bfad_00018,8,0.9927184466019418,ratio_confidence,4,24.54222090180145
495,3bfad_00018,9,0.9951219512195122,ratio_confidence,4,24.54222090180145
496,3bfad_00018,10,0.9927184466019418,ratio_confidence,4,24.54222090180145
497,3bfad_00018,11,0.9927184466019418,ratio_confidence,4,24.54222090180145
498,3bfad_00018,12,0.9951219512195122,ratio_confidence,4,24.54222090180145
499,3bfad_00018,13,0.9951219512195122,ratio_confidence,4,24.54222090180145
500,3bfad_00018,14,0.9951219512195122,ratio_confidence,4,24.54222090180145
501,3bfad_00018,15,0.9927184466019418,ratio_confidence,4,24.54222090180145
502,3bfad_00018,16,0.9927184466019418,ratio_confidence,4,24.54222090180145
503,3bfad_00018,17,0.9927184466019418,ratio_confidence,4,24.54222090180145
504,3bfad_00018,18,0.9951219512195122,ratio_confidence,4,24.54222090180145
505,3bfad_00018,19,0.9951219512195122,ratio_confidence,4,24.54222090180145
506,3bfad_00018,20,0.9927184466019418,ratio_confidence,4,24.54222090180145
507,3bfad_00018,21,0.9951219512195122,ratio_confidence,4,24.54222090180145
508,3bfad_00018,22,0.9927184466019418,ratio_confidence,4,24.54222090180145
509,3bfad_00018,23,0.9951219512195122,ratio_confidence,4,24.54222090180145
510,3bfad_00018,24,0.992547018807523,ratio_confidence,4,24.54222090180145
511,3bfad_00018,25,0.9951219512195122,ratio_confidence,4,24.54222090180145
512,3bfad_00018,26,0.9927184466019418,ratio_confidence,4,24.54222090180145
513,3bfad_00019,0,0.5318305890640134,ratio_confidence,5,24.8887839135296
514,3bfad_00019,1,0.4925,ratio_confidence,5,24.8887839135296
515,3bfad_00019,2,0.8107974733517568,ratio_confidence,5,24.8887839135296
516,3bfad_00019,3,0.9190282383680033,ratio_confidence,5,24.8887839135296
517,3bfad_00019,4,0.9681463316985287,ratio_confidence,5,24.8887839135296
518,3bfad_00019,5,0.992547018807523,ratio_confidence,5,24.8887839135296
519,3bfad_00019,6,0.9927184466019418,ratio_confidence,5,24.8887839135296
520,3bfad_00019,7,0.9975490196078431,ratio_confidence,5,24.8887839135296
521,3bfad_00019,8,0.9924742474247426,ratio_confidence,5,24.8887839135296
522,3bfad_00019,9,0.9975490196078431,ratio_confidence,5,24.8887839135296
523,3bfad_00019,10,0.9975490196078431,ratio_confidence,5,24.8887839135296
524,3bfad_00019,11,0.9975490196078431,ratio_confidence,5,24.8887839135296
525,3bfad_00019,12,0.9975490196078431,ratio_confidence,5,24.8887839135296
526,3bfad_00019,13,0.9975490196078431,ratio_confidence,5,24.8887839135296
527,3bfad_00019,14,0.9975490196078431,ratio_confidence,5,24.8887839135296
528,3bfad_00019,15,0.9975490196078431,ratio_confidence,5,24.8887839135296
529,3bfad_00019,16,0.9975490196078431,ratio_confidence,5,24.8887839135296
530,3bfad_00019,17,0.9975490196078431,ratio_confidence,5,24.8887839135296
531,3bfad_00019,18,0.9975490196078431,ratio_confidence,5,24.8887839135296
532,3bfad_00019,19,0.9975490196078431,ratio_confidence,5,24.8887839135296
533,3bfad_00019,20,0.9975490196078431,ratio_confidence,5,24.8887839135296
534,3bfad_00019,21,0.9975490196078431,ratio_confidence,5,24.8887839135296
535,3bfad_00019,22,0.9975490196078431,ratio_confidence,5,24.8887839135296
536,3bfad_00019,23,0.9975490196078431,ratio_confidence,5,24.8887839135296
537,3bfad_00019,24,0.9975490196078431,ratio_confidence,5,24.8887839135296
538,3bfad_00019,25,0.9975490196078431,ratio_confidence,5,24.8887839135296
539,3bfad_00019,26,0.9975490196078431,ratio_confidence,5,24.8887839135296
540,3bfad_00020,0,0.7678100263852243,random,1,25.517701460444393
541,3bfad_00020,1,0.9712918660287082,random,1,25.517701460444393
542,3bfad_00020,2,0.9635416666666667,random,1,25.517701460444393
543,3bfad_00020,3,0.9685496794871795,random,1,25.517701460444393
544,3bfad_00020,4,0.9712918660287082,random,1,25.517701460444393
545,3bfad_00020,5,0.9758454106280193,random,1,25.517701460444393
546,3bfad_00020,6,0.9560185185185186,random,1,25.517701460444393
547,3bfad_00020,7,0.9924999999999999,random,1,25.517701460444393
548,3bfad_00020,8,0.969047619047619,random,1,25.517701460444393
549,3bfad_00020,9,0.9876237623762376,random,1,25.517701460444393
550,3bfad_00020,10,0.9781553398058253,random,1,25.517701460444393
551,3bfad_00020,11,0.9899747493687343,random,1,25.517701460444393
552,3bfad_00020,12,0.9974747474747474,random,1,25.517701460444393
553,3bfad_00020,13,0.9899747493687343,random,1,25.517701460444393
554,3bfad_00020,14,0.9949748743718593,random,1,25.517701460444393
555,3bfad_00020,15,0.9924999999999999,random,1,25.517701460444393
556,3bfad_00020,16,0.9949748743718593,random,1,25.517701460444393
557,3bfad_00020,17,0.9924742474247426,random,1,25.517701460444393
558,3bfad_00020,18,0.9852216748768473,random,1,25.517701460444393
559,3bfad_00020,19,0.9974747474747474,random,1,25.517701460444393
560,3bfad_00020,20,0.9974747474747474,random,1,25.517701460444393
561,3bfad_00020,21,0.9974747474747474,random,1,25.517701460444393
562,3bfad_00020,22,0.9924999999999999,random,1,25.517701460444393
563,3bfad_00020,23,0.9949748743718593,random,1,25.517701460444393
564,3bfad_00020,24,0.9924742474247426,random,1,25.517701460444393
565,3bfad_00020,25,0.9924999999999999,random,1,25.517701460444393
566,3bfad_00020,26,0.9949748743718593,random,1,25.517701460444393
567,3bfad_00021,0,0.40003500087502186,random,2,25.389748246043204
568,3bfad_00021,1,0.8742974708952228,random,2,25.389748246043204
569,3bfad_00021,2,0.9452126728513915,random,2,25.389748246043204
570,3bfad_00021,3,0.9729567307692308,random,2,25.389748246043204
571,3bfad_00021,4,0.9874737473747375,random,2,25.389748246043204
572,3bfad_00021,5,0.979974499362484,random,2,25.389748246043204
573,3bfad_00021,6,0.994998874746818,random,2,25.389748246043204
574,3bfad_00021,7,0.994998874746818,random,2,25.389748246043204
575,3bfad_00021,8,0.9899747493687343,random,2,25.389748246043204
576,3bfad_00021,9,0.994998874746818,random,2,25.389748246043204
577,3bfad_00021,10,0.9924742474247426,random,2,25.389748246043204
578,3bfad_00021,11,0.9974747474747474,random,2,25.389748246043204
579,3bfad_00021,12,0.9899747493687343,random,2,25.389748246043204
580,3bfad_00021,13,0.994998874746818,random,2,25.389748246043204
581,3bfad_00021,14,0.9974747474747474,random,2,25.389748246043204
582,3bfad_00021,15,0.9975490196078431,random,2,25.389748246043204
583,3bfad_00021,16,0.9974747474747474,random,2,25.389748246043204
584,3bfad_00021,17,1.0,random,2,25.389748246043204
585,3bfad_00021,18,0.9974747474747474,random,2,25.389748246043204
586,3bfad_00021,19,0.994998874746818,random,2,25.389748246043204
587,3bfad_00021,20,0.9974747474747474,random,2,25.389748246043204
588,3bfad_00021,21,0.9974747474747474,random,2,25.389748246043204
589,3bfad_00021,22,1.0,random,2,25.389748246043204
590,3bfad_00021,23,1.0,random,2,25.389748246043204
591,3bfad_00021,24,1.0,random,2,25.389748246043204
592,3bfad_00021,25,1.0,random,2,25.389748246043204
593,3bfad_00021,26,1.0,random,2,25.389748246043204
594,3bfad_00022,0,0.7562817617165443,random,3,25.50104800432048
595,3bfad_00022,1,0.8921717171717172,random,3,25.50104800432048
596,3bfad_00022,2,0.9681463316985287,random,3,25.50104800432048
597,3bfad_00022,3,0.9567943027658667,random,3,25.50104800432048
598,3bfad_00022,4,0.9826232623262325,random,3,25.50104800432048
599,3bfad_00022,5,0.982843137254902,random,3,25.50104800432048
600,3bfad_00022,6,0.973150835752177,random,3,25.50104800432048
601,3bfad_00022,7,0.9850496262406561,random,3,25.50104800432048
602,3bfad_00022,8,0.9875,random,3,25.50104800432048
603,3bfad_00022,9,0.994998874746818,random,3,25.50104800432048
604,3bfad_00022,10,0.9924742474247426,random,3,25.50104800432048
605,3bfad_00022,11,0.994998874746818,random,3,25.50104800432048
606,3bfad_00022,12,0.9949748743718593,random,3,25.50104800432048
607,3bfad_00022,13,0.9899747493687343,random,3,25.50104800432048
608,3bfad_00022,14,0.9899747493687343,random,3,25.50104800432048
609,3bfad_00022,15,0.9924742474247426,random,3,25.50104800432048
610,3bfad_00022,16,0.994998874746818,random,3,25.50104800432048
611,3bfad_00022,17,0.9949748743718593,random,3,25.50104800432048
612,3bfad_00022,18,0.9924742474247426,random,3,25.50104800432048
613,3bfad_00022,19,0.9924742474247426,random,3,25.50104800432048
614,3bfad_00022,20,0.9924742474247426,random,3,25.50104800432048
615,3bfad_00022,21,0.9924742474247426,random,3,25.50104800432048
616,3bfad_00022,22,0.9949748743718593,random,3,25.50104800432048
617,3bfad_00022,23,0.9974747474747474,random,3,25.50104800432048
618,3bfad_00022,24,0.9974747474747474,random,3,25.50104800432048
619,3bfad_00022,25,0.9974747474747474,random,3,25.50104800432048
620,3bfad_00022,26,0.9949748743718593,random,3,25.50104800432048
621,3bfad_00023,0,0.5159634975606057,random,4,25.23458174689138
622,3bfad_00023,1,0.9073015873015873,random,4,25.23458174689138
623,3bfad_00023,2,0.9409219001610306,random,4,25.23458174689138
624,3bfad_00023,3,0.9457013574660633,random,4,25.23458174689138
625,3bfad_00023,4,0.9567943027658667,random,4,25.23458174689138
626,3bfad_00023,5,0.979974499362484,random,4,25.23458174689138
627,3bfad_00023,6,0.9802205496236653,random,4,25.23458174689138
628,3bfad_00023,7,0.9724999999999999,random,4,25.23458174689138
629,3bfad_00023,8,0.9699932484809082,random,4,25.23458174689138
630,3bfad_00023,9,0.980049501237531,random,4,25.23458174689138
631,3bfad_00023,10,0.9824732473247324,random,4,25.23458174689138
632,3bfad_00023,11,0.9778411364545818,random,4,25.23458174689138
633,3bfad_00023,12,0.9874737473747375,random,4,25.23458174689138
634,3bfad_00023,13,0.979974499362484,random,4,25.23458174689138
635,3bfad_00023,14,0.9924742474247426,random,4,25.23458174689138
636,3bfad_00023,15,0.9899977494936361,random,4,25.23458174689138
637,3bfad_00023,16,0.992547018807523,random,4,25.23458174689138
638,3bfad_00023,17,0.992547018807523,random,4,25.23458174689138
639,3bfad_00023,18,0.9951219512195122,random,4,25.23458174689138
640,3bfad_00023,19,0.9927184466019418,random,4,25.23458174689138
641,3bfad_00023,20,0.9903381642512077,random,4,25.23458174689138
642,3bfad_00023,21,0.9927184466019418,random,4,25.23458174689138
643,3bfad_00023,22,0.9975490196078431,random,4,25.23458174689138
644,3bfad_00023,23,0.9975490196078431,random,4,25.23458174689138
645,3bfad_00023,24,0.9903381642512077,random,4,25.23458174689138
646,3bfad_00023,25,0.9951219512195122,random,4,25.23458174689138
647,3bfad_00023,26,0.9927184466019418,random,4,25.23458174689138
648,3bfad_00024,0,0.4655546782471378,random,5,25.39345888684884
649,3bfad_00024,1,0.9225000000000001,random,5,25.39345888684884
650,3bfad_00024,2,0.8915970811705409,random,5,25.39345888684884
651,3bfad_00024,3,0.9608270130910366,random,5,25.39345888684884
652,3bfad_00024,4,0.9779647435897436,random,5,25.39345888684884
653,3bfad_00024,5,0.9851156973108193,random,5,25.39345888684884
654,3bfad_00024,6,0.9901188242651657,random,5,25.39345888684884
655,3bfad_00024,7,0.9903381642512077,random,5,25.39345888684884
656,3bfad_00024,8,0.9927184466019418,random,5,25.39345888684884
657,3bfad_00024,9,0.992547018807523,random,5,25.39345888684884
658,3bfad_00024,10,0.992547018807523,random,5,25.39345888684884
659,3bfad_00024,11,0.9951219512195122,random,5,25.39345888684884
660,3bfad_00024,12,0.9974747474747474,random,5,25.39345888684884
661,3bfad_00024,13,1.0,random,5,25.39345888684884
662,3bfad_00024,14,0.9974747474747474,random,5,25.39345888684884
663,3bfad_00024,15,1.0,random,5,25.39345888684884
664,3bfad_00024,16,1.0,random,5,25.39345888684884
665,3bfad_00024,17,0.9975490196078431,random,5,25.39345888684884
666,3bfad_00024,18,1.0,random,5,25.39345888684884
667,3bfad_00024,19,0.9927184466019418,random,5,25.39345888684884
668,3bfad_00024,20,0.9975490196078431,random,5,25.39345888684884
669,3bfad_00024,21,0.9975490196078431,random,5,25.39345888684884
670,3bfad_00024,22,0.9975490196078431,random,5,25.39345888684884
671,3bfad_00024,23,0.9975490196078431,random,5,25.39345888684884
672,3bfad_00024,24,0.9975490196078431,random,5,25.39345888684884
673,3bfad_00024,25,0.9975490196078431,random,5,25.39345888684884
674,3bfad_00024,26,0.9975490196078431,random,5,25.39345888684884
